excelId,원료명,복구내역
1,103(백세곡류효소분말),"공급사 통일(""현대""→""현대바이오랜드"")"
7,BCCA혼합제제,"company의 원산지값 폐기(""중국산"", origin에 이미 ""중국산"")"
9,L-라이신,"company의 원산지값 폐기(""중국"", origin에 이미 ""중국"")"
10,L-로이신,"company의 원산지값 폐기(""중국산"", origin에 이미 ""중국산"")"
11,L-메티오닌,"company→origin(""중국"")"
13,L-시스틴,"company→origin(""한국"")"
14,L-아스파르산,"company→origin(""중국산"")"
15,L-트레오닌,"company→origin(""중국"")"
16,L-페닐알라닌,"company→origin(""중국"")"
17,MSM,"company→origin(""미국"")"
18,MSM(옵티),"company→origin(""미국"")"
19,가르시니아캄보지아,"company→origin(""인도"")"
20,가르시니아캄보지아,"company→origin(""인도"")"
24,감초(원물),"company→origin(""국내산"")"
27,강황 커큐민(리포좀),"company→origin(""폴란드"")"
28,강황(하이드로커큐민)(수용성),"company→origin(""인도"")"
29,강황추출분말,"company→origin(""인도"")"
30,강황추출분말,"company→origin(""인도"")"
31,건조효모,"company→origin(""미국"")"
32,건조효모,"company→origin(""에스토니아"")"
34,곤약감자세라마이드,"company의 숫자값 폐기(""1"") / packing→origin(""중국산"")"
39,과라나추출분말,"company→origin(""브라질"")"
40,과일야채혼합분말(유기농)12종,"company→origin(""미국"")"
41,구아검,"company→origin(""인도산"")"
42,구아검가수분해물,"company→origin(""인도산"")"
45,구아바잎추출물,"company→origin(""인도"")"
47,구연산나트륨,"company→origin(""중국산"")"
48,구연산나트륨,"company→origin(""오스트리아"")"
49,구연산칼륨,"company→origin(""한국"")"
51,귀리식이섬유,"company→origin(""독일"")"
52,그린커피빈,"company→origin(""국내산"")"
53,그린커피빈추출분말,"공급사 통일(""앤바이오텍""→""엔바이오텍"")"
55,글루코사민(N-아세틸),"company→origin(""태국산"")"
56,글루타민,"company→origin(""중국"")"
57,글루타치온(캐나다),"company→origin(""캐나다"")"
58,글루타치온(14%)(스위스),"company의 원산지값 폐기(""스위스산"", origin에 이미 ""스위스산"")"
59,글루타치온,"company의 원산지값 폐기(""인도산"", origin에 이미 ""인도산"")"
60,글루타치온(L)효모추출물,"company→origin(""중국산"")"
61,글루타치온건조효모,"company의 원산지값 폐기(""에스토니아"", origin에 이미 ""에스토니아"")"
62,글루타치온건조효모,"company→origin(""중국산"")"
63,글루타치온건조효모,"company→origin(""중국산"")"
64,글루타치온건조효모,"company→비고(규격값 ""리포조말"")"
66,글루타치온건조효모(캐나다),"company→origin(""캐나다"")"
67,글루타치온건조효모(50%)(네덜란드),"company→origin(""네덜란드"")"
68,글루타치온건조효모(85%)(인도산),"company의 원산지값 폐기(""인도산"", origin에 이미 ""인도산"")"
69,글루타치온건조효모(50%인도산),"company→origin(""인도산"")"
70,글루타치온건조효모(리포조말)(미국),"company→origin(""미국"")"
71,글루타치온건조효모(엥겔비타GSH),"company→origin(""에스토니아"")"
72,글리세린지방산에스테르(글리세롤),"company→origin(""국산"")"
73,글리세린지방산에스테르(글리세롤),"company→origin(""말레지아"")"
74,글리세린지방산에스테르(글리세롤),"company→origin(""국산"")"
75,글리세린지방산에스테르(글리세롤),"company→origin(""말레지아"")"
76,글리신,"company→origin(""한국"")"
77,꽃이끼추출물,"company→origin(""중국산"")"
78,나린진(수용성),"company→origin(""중국산"")"
80,낙산,"company→origin(""스페인"")"
81,난소화성 말토덱스트린,"company→origin(""국산"")"
82,녹색입홍합분말(동결건조),"company→origin(""뉴질랜드산"")"
83,녹용농축액,"company→origin(""뉴질랜드산"")"
84,녹용농축액,"company→origin(""러시아산"")"
85,녹용추출분말,"company→origin(""뉴질랜드산"")"
86,녹용추출분말,"company→origin(""뉴질랜드산"")"
87,녹용추출액,"company→origin(""뉴질랜드산"")"
88,녹차추출물분말,"company→origin(""인도"")"
89,녹차추출물분말,"company→origin(""미국"")"
90,녹차추출물분말,"company→origin(""중국"")"
92,녹차추출물분말,"company→origin(""인도"")"
93,녹차추출물분말,"company→origin(""한국"")"
95,당귀농축액,"company→origin(""국산"")"
96,대나무수액추출분말,"company→origin(""인도"")"
97,대두단백추출분말,"company→origin(""중국산"")"
98,대두레시틴분말,"company→origin(""인도"")"
99,대두레시틴액상,"company→origin(""미국"")"
100,대두레시틴추출분말,"company→origin(""인도"")"
101,대두식이섬유,"company→origin(""중국산"")"
102,대두이소플라본(바이오이소플라본)(건식),"company→origin(""미국"")"
103,대두이소플라본(수용성이소플라본)(건식),"company→origin(""미국"")"
107,대두추출분말,"company→origin(""미국"")"
108,대두추출분말,"company→origin(""한국"")"
110,도라지원물,"company→origin(""중국산"")"
111,도라지원물,"company→origin(""국내산"")"
113,동충하초(밀라타리스),"company→origin(""국산"")"
115,라이코펜,"company→origin(""인도산"")"
118,락토바실러스플란타룸배양건조물,"company→packing(""3"")"
119,락토페린농축물,"company→origin(""호주산"")"
120,락토페린농축물,"company→origin(""호주산"")"
121,락토페린농축물,"company→비고(규격값 ""개별인정"")"
127,레몬과즙분말Hcs-5946,"company→origin(""미국산"")"
128,레몬껍질추추물(엽산5%),"company→origin(""인도"")"
129,레몬껍질추출분말,"company→origin(""인도"")"
130,레몬밤추출분말,"company→origin(""중국"")"
132,레스베라톨,"company→origin(""호주"")"
133,로즈힙추출분말,"company→origin(""칠레산"")"
134,로즈힙추출분말,"company→origin(""인도산"")"
137,루바브추출분말,"company→origin(""국산"")"
138,루바브추출분말,"company→origin(""국산"")"
139,루테인,"company→origin(""미국"")"
140,루테인,"company→origin(""인도산"")"
141,리소짐분말,"company→origin(""이태리산"")"
142,리소짐분말,"company→origin(""네델란드"")"
143,리파아제,"company→origin(""덴마크"")"
144,리파아제,"company→origin(""영국"")"
145,링곤베리분말,"company→origin(""에스토니아"")"
146,링콘베리,"company→origin(""에스토니아"")"
148,마더애플사이다비니거,"company→origin(""미국"")"
149,마리골드,"company→origin(""미국"")"
150,마리골드꽃추출물,"company→origin(""인도산"")"
152,마리골드꽃추출분말,"company→origin(""인도산"")"
154,마리골드추출분말,"company→origin(""인도"")"
155,마테추출분말,"company→origin(""브라질"")"
156,마테추출분말,"company→origin(""브라질"")"
157,말토덱스트린,"company→origin(""중국"")"
158,말토덱스트린,"company→origin(""국산"")"
163,맥아추출분말,"company→origin(""한국"")"
164,맥아추출분말,"company→origin(""영국"")"
165,맥주효모,"company→origin(""독일산"")"
166,맥주효모,"company→origin(""독일산"")"
168,모로오렌지,"company→origin(""폴란드"")"
169,모로오렌지,"company→origin(""이탈리아"")"
171,모로오렌지,"company→origin(""폴란드"")"
172,모로오렌지,"company→origin(""이스라엘"")"
173,모로블러드오렌지농축액,"company→origin(""이탈리아"")"
179,미강추출분말,"company→origin(""미국"")"
180,뮤코다당.단백,"company→origin(""중국"")"
181,뮤코다당(철갑상어),"company→origin(""대만산"")"
182,미강추출분말,"company→origin(""미국"")"
185,미역추출분말,"company→origin(""중국"")"
188,밀크세라마이드,"company→origin(""뉴질랜드산"")"
189,밀크씨슬,"company→origin(""미국"")"
190,밀크씨슬,"company→origin(""중국"")"
191,밀크씨슬(유기농),"company→origin(""미국"")"
192,밀크씨슬(유기농),"company→origin(""스페인"")"
193,바나바잎추출물,"company→origin(""인도"")"
196,발레리안,"company→origin(""프랑스"")"
197,발린,"company→origin(""중국"")"
198,발린,"company→origin(""중국"")"
200,발효율피추출분말,"company→origin(""국산"")"
204,베타알라닌,"company의 원산지값 폐기(""중국"", origin에 이미 ""중국"")"
205,베타알라닌,"company의 원산지값 폐기(""중국"", origin에 이미 ""중국"")"
206,병풀추출물,"company→origin(""인도"")"
207,병풀추출물,"company→origin(""중국"")"
209,보라지유,"company→origin(""네델란드"")"
211,보스웰리아추출분말,"company→origin(""인도"")"
214,복분자농축애(65브릭스),"company→origin(""국산"")"
215,복분자농축액,"company→origin(""중국산"")"
216,복분자농축액(20브릭스),"company→origin(""국산"")"
218,복합효소,"company→origin(""한국"")"
219,복합효소,"company→origin(""인도"")"
220,부티릭산(뷰)(Butyric acid),"company→origin(""스페인"")"
221,분리대두단백(ISP),"company→origin(""인도산"")"
222,분유(전지),"company→packing(""20"")"
223,분유(탈지),"company→packing(""20"")"
224,브로멜라인,"company→origin(""인도네시아"")"
225,브로멜라인,"company→origin(""인도"")"
226,브로멜라인,"company→origin(""필리핀산"")"
227,브로멜라인(1200GDU),"company→origin(""태국산"")"
228,브로멜라인(1200GDU),"company→origin(""인도산"")"
231,마카분말(블랙),"company→origin(""페루"")"
234,블루베리농축액,"company→origin(""미국산"")"
237,블루스피루리나(일반분말),"company→origin(""프랑스"")"
238,비오틴/g,"company→origin(""중국산"")"
239,비오틴/g,"company→origin(""프랑스"")"
241,비타민C,"company→origin(""중국산"")"
242,비타민C(중성),"company→origin(""미국"")"
244,비타민C(리포조말),"company→origin(""미국"")"
245,비타민미네랄믹스Fs,"company→비고(규격값 ""20kg"")"
248,빌베리추출물,"company→origin(""폴란드"")"
249,빌베리추출물,"company→origin(""인도"")"
250,빌베리추출물,"company→origin(""미국"")"
256,사과추출분말(청(풋)),"company→origin(""중국산"")"
258,사균체(포스트바이오틱스),"company→비고(규격값 ""10억cell/g"")"
259,사균체(포스트바이오틱스),"company→origin(""일본"")"
260,산사자추출분말,"company→origin(""중국"")"
264,산양유분말,"company→origin(""네델란드"")"
265,상어연골,"company의 숫자값 폐기(""15"") / packing→origin(""호주산"")"
266,상어연골,"company의 숫자값 폐기(""25"") / packing→origin(""중국산"")"
267,상어연골분말,"company→packing(""20"")"
268,상어연골분말,"company→origin(""호주"")"
269,상어연골분말,"company→origin(""미국"")"
270,상어연골추출분말,"company→origin(""중국"")"
271,상어추출분말(철갑),"company→origin(""덴마크"")"
272,상추분말,"company→origin(""한국"")"
273,새싹보리추출분말,"company→origin(""국산"")"
275,샤인머스캣향분말,"company→origin(""국산"")"
278,서양산사자추출분발,"company→origin(""이태리"")"
279,석류농축액,"company→origin(""이란산"")"
280,석류농축액,"company→origin(""스페인"")"
281,석류농축액,"company→origin(""터키"")"
282,석류농축액(유기농),"company→origin(""터키"")"
283,석류추출분말,"company→origin(""이란산"")"
284,석류추출분말,"company→origin(""튀르키예"")"
285,석류추출분말,"company→origin(""이란산"")"
287,세븐베리농축액분말,"company→origin(""수입산"")"
288,세븐베리추출분말,"company→비고(규격값 ""혼합"")"
290,소연골콘드로이친황산염,"company→origin(""인도산"")"
291,소연골콘드로이친황산염,"company→origin(""인도산"")"
296,스피루나분말,"company→origin(""미국"")"
298,식물스테롤,"company→origin(""인도산"")"
299,식물스테롤,"company→origin(""미국산"")"
300,식물혼합추출물,"company→origin(""국산,중국"")"
301,신데렐라복합추출분말,"company→비고(규격값 ""국내특허"")"
302,실크펩타이드,"company→origin(""중국"")"
303,쌀마그네슘,"company→origin(""국산"")"
304,쏘팔메토오일,"company→origin(""인도"")"
305,쏘팔메토오일,"company→origin(""미국"")"
308,아누카사과추출물,"company→origin(""폴란드"")"
309,아누카사과추출물,"company→origin(""이탈리아"")"
310,아누카사과추출물,"company→origin(""이탈리아"")"
311,아누카사과농축액,"company→origin(""이탈리아"")"
312,아르기닌,"company→origin(""한국"")"
315,아몬드단백분말,"company→packing(""11.34"")"
318,아스파탐,"company→origin(""중국"")"
320,아티초크추출분말,"company→origin(""프랑스"")"
321,아티초크추출분말,"company→origin(""스페인"")"
322,아티초크추출분말,"company→origin(""스페인"")"
324,아로니아농축액,"company→origin(""폴란드"")"
326,아삭이고추추출분말,"company→origin(""국산"")"
332,야채혼합분말(과일),"company→origin(""미국"")"
333,양배추농축분말,"company→origin(""국산"")"
334,양배추농축액,"company→origin(""국산"")"
337,양배추분말(살균),"company→origin(""국산"")"
339,양태반,"company→origin(""호주"")"
340,어골칼슘,"company→origin(""프랑스"")"
341,에리스트롤,"company→origin(""중국"")"
342,에리스트롤결정,"company→origin(""프랑스"")"
343,에리스트롤결정,"company→origin(""미국"")"
344,에리스트롤분말,"company→origin(""미국"")"
345,엘라스틴,"company→origin(""프랑스"")"
346,엘라스틴가수분해물,"company→origin(""미국"")"
347,엠씨티(MCT)오일,"company→origin(""말레지아"")"
349,여주분말,"company→origin(""국산"")"
351,여주추추분말,"company→origin(""한국"")"
352,여주추출물분말,"company→origin(""인도"")"
353,오르니틴염산염,"company→origin(""국산"")"
354,오메가3(식물성)(알티지),"company→origin(""프랑스"")"
355,오메가3(동물성)알티지,"company→origin(""캐나다"")"
358,오메가3(알티지)(동물성),"company→origin(""노르웨이"")"
359,오메가3(알티지)(동물성),"company→origin(""노르웨이"")"
360,오메가3(알티지)(동물성),"company→origin(""독일"")"
362,오메가3(알티지)(동물성),"company→origin(""네델란드"")"
363,오메가3(정제어유분말),"company→origin(""독일"")"
365,오메가3(정제어유분말),"company→origin(""독일"")"
369,옥타코사놀,"company→origin(""독일"")"
371,올리브오일,"company→origin(""스페인산"")"
374,유기농알파미분,"company→packing(""15"")"
375,유단백추출물(MBP),"company의 숫자값 폐기(""15"")"
379,유산균(국내산구강유산균),"company→비고(규격값 ""2023-09-07"")"
383,유산균(대만산구강유산균),"company→origin(""대만"")"
384,유산균(디글루GLU70),"company→비고(규격값 ""글루텐1kg"")"
387,유산균(락토바실러스 애시도 필루스),"company→packing(""1"")"
388,유산균(락토바실러스 카제이),"company→packing(""1"")"
390,유산균(락토바실러스람노서스GG,"company→origin(""국내산"")"
401,유산균(비피도박테리움 브레브),"company→packing(""5"")"
402,유산균(비피도박테리움 애니멀리스 락티스),"company→packing(""5"")"
418,유자과즙분말,"company→origin(""국산"")"
419,유자과즙분말,"company→origin(""국산"")"
420,은행잎추출물,"company→origin(""미국"")"
421,이노시돌,"company→origin(""미국"")"
422,이노시톨,"company→origin(""독일"")"
423,이노시톨(미오),"company→origin(""중국산"")"
424,이노시톨(미오),"company→origin(""미국"")"
425,이눌린치커리,"company→origin(""벨기에"")"
428,이토시톨,"company→origin(""중국"")"
429,인디언구스베리분말,"company→origin(""인도"")"
430,인디언구스베리분말,"company→origin(""인도산"")"
432,자당지방에스테르S-370,"company→origin(""일본"")"
433,자일리톨,"company→origin(""중국"")"
435,잔탄검,"company→origin(""중국"")"
436,잔탄검,"company→origin(""오스트리아"")"
442,쥐오줌풀(발레리안),"company→origin(""이탈리아"")"
445,차전자피분말,"company→origin(""인도"")"
446,차전자피분말,"company→origin(""인도"")"
447,차즈기추출분말,"company→origin(""국산"")"
448,차즈기추출분말,"company→origin(""국산"")"
449,천마농축분말(고형분10%),"company→비고(규격값 ""20(100MOQ)"")"
450,천마농축분말(일반),"company→packing(""20"")"
451,천마복합추출물(개별인정형),"company→packing(""10"")"
452,철(락토바실러스불가리쿠스),"company→origin(""미국"")"
454,청포도과즙분말,"company→origin(""미국"")"
458,초유분말,"company→origin(""미국"")"
459,초유분말,"company→origin(""미국"")"
462,치자추출물,"company→origin(""중국산"")"
463,치자추출물,"company→origin(""국산"")"
467,카나우바왁스,"company→packing(""25"")"
468,카르니틴,"company→origin(""중국"")"
469,카르니틴(L),"company→origin(""중국"")"
470,카무카무분말,"company→origin(""페루"")"
471,칼슘(구연산),"company→origin(""미국"")"
472,"칼슘(밀크,유청)파우더","company→origin(""덴마크"")"
473,"칼슘(밀크,유청)파우더","company→origin(""독일"")"
474,칼슘(밀크칼슘),"company→origin(""뉴질랜드산"")"
475,칼슘(밀크칼슘),"company→origin(""독일산"")"
476,"칼슘(밀크,유청)파우더","company→origin(""뉴질랜드산"")"
477,칼슘(산호),"company→origin(""미국"")"
478,칼슘(산호),"company→origin(""미국"")"
479,칼슘(어골),"company→origin(""미국"")"
480,칼슘(탄산),"company→origin(""일본산"")"
481,칼슘(해조),"company→origin(""프랑스"")"
482,칼슘(해조)아쿠아민,"company→origin(""영국산"")"
484,코엔자임Q10,"company→origin(""미국"")"
485,코엔자임Q10,"company→origin(""인도"")"
486,코엔자임Q10,"company→origin(""중국"")"
487,코코넛오일,"company→origin(""필리핀산"")"
493,콜라겐(비변성2형),"company→origin(""일본산"")"
495,콜라겐(어린피쉬),"company→origin(""캐나다"")"
496,콜라겐(피쉬),"company→origin(""대만"")"
497,콜라겐(피쉬),"company→origin(""베트남"")"
499,콜라겐(피쉬),"company→origin(""국내"")"
500,콜라겐분말,"company→origin(""프랑스"")"
501,콜라겐분말,"company→origin(""이테리"")"
502,콜레우스포스콜리추출물,"company→origin(""인도"")"
507,퀘르세틴,"company→origin(""인도"")"
508,크레아틴,"company→origin(""중국산"")"
509,키토산,"company→origin(""중국산"")"
510,타우린,"company→origin(""중국산"")"
511,타트체리농축액,"company→origin(""터키"")"
512,타트체리농축액,"company→origin(""터키"")"
513,타트체리분말,"company→origin(""터키"")"
515,탈지대두,"company→비고(규격값 ""원산지별 2000대"")"
516,터,"company→origin(""터키"")"
517,테아닌,"company→origin(""중국"")"
518,테아닌,"company→origin(""중국산"")"
519,토마토추분말,"company→origin(""칠레산"")"
520,토마토추출분말(건식원료)(액상),"company→origin(""이스라엘"")"
521,토마토추출분말(건식원료)(액상),"company→origin(""인도"")"
522,토코페롤(DA),"company→origin(""프랑스"")"
523,토코페롤(포도씨유),"company→origin(""스페인"")"
524,트리불러스,"company→origin(""인도산"")"
525,트립토판,"company→origin(""중국산"")"
526,트립토판,"company→origin(""미국"")"
527,트립토판,"company→origin(""일본"")"
529,판크레아틴,"company→origin(""중국"")"
530,판토텐산칼슘,"company→origin(""영국"")"
532,포도씨오일,"company→origin(""스페인"")"
533,포도씨유,"company→origin(""스페인"")"
535,포도씨유추출물,"company→origin(""스웨덴"")"
537,포스파티딜세린분말,"company→origin(""미국"")"
538,포스파티딜세린분말,"company→origin(""인도산"")"
539,폴리감마글루탐산,"company→origin(""대만"")"
540,표고버섯균사체,"company→비고(규격값 ""건식원료"")"
542,프락토올리고당,"company→origin(""중국산"")"
544,프로테아제(파파인)(식물성),"company→origin(""한국"")"
545,프로폴리스,"company→origin(""호주"")"
546,프로폴리스,"company→origin(""브라질"")"
547,프롤린,"company→origin(""중국"")"
549,핑커루트추출물 일반식품,"company→origin(""중귝"")"
556,헛개나무열매농축액,"company→비고(규격값 ""60브릭스"")"
559,헛개나무일반분말,"company→origin(""국산"")"
560,헤마토코쿠스추출물,"company→origin(""독일"")"
561,헤마토코코스추출물,"company→origin(""중국산"")"
562,헴철,"company→origin(""덴마크"")"
563,헴철,"company→origin(""덴마크"")"
565,호로파추출분말,"company→origin(""중국"")"
566,혼합탈지분유,"company→packing(""25"")"
567,홉스 추출물분말,"company→origin(""독일"")"
568,홍경천추출물,"company→origin(""이태리"")"
569,홍국,"company→origin(""미국"")"
570,홍국,"company→origin(""인도"")"
575,홍삼엑기스(HCS-7130),"company→packing(""20"")"
576,홍차추출분말(얼그레이),"company→origin(""스리랑카"")"
577,홍차추출분말(우바),"company→origin(""스리랑카"")"
578,홍화씨분말,"company→origin(""국내산"")"
579,화이트토마토추출농축분말,"company→origin(""미국"")"
580,활성엽산,"company→origin(""이탈리아"")"
581,회화나무열매추출분말,"company→origin(""인도"")"
582,회화나무열매추출분말,"company→origin(""중국"")"
583,회화나무열매추출분말,"company→origin(""인도"")"
584,회화나무추출분말,"company→origin(""인도"")"
585,효모추출물(L-글루타치온50%),"company→origin(""중국"")"
591,후코이단,"company→origin(""중국"")"
592,후코이단(혜원),"company→origin(""국산"")"
595,흰강낭콩추출분말,"company→origin(""캐나다"")"
596,흰강낭콩추출분말,"company→origin(""인도"")"
597,히비스커스추출분말,"company→origin(""독일"")"
598,히알루론산,"company→origin(""미국"")"
599,히알루론산,"company→origin(""미국"")"
600,히알루론산,"company→origin(""중국산"")"
601,히알루론산혼합제제,"company 무의미값 제거(""최준호과장"")"
602,흰점박이꽃무지(굼뱅이)건조 분말,"company→origin(""한국"")"
603,흰점박이꽃무지(굼뱅이)건조 분말,"company→origin(""한국"")"
604,L-라이신,"company→origin(""중국"")"
605,L-로이신,"company→origin(""중국산"")"
606,L-메티오닌,"company→origin(""중국"")"
608,L-시스틴,"company→origin(""한국"")"
609,L-아스파라긴분말,"company→origin(""중국"")"
610,L-이소로이신,"company→origin(""중국"")"
611,L-트레오닌,"company→origin(""중국"")"
613,L-페닐알라닌,"company→origin(""중국"")"
615,글루타민,"company→origin(""중국"")"
616,글리신,"company→origin(""한국"")"
617,발린,"company→origin(""중국"")"
618,베타알라닌,"company의 원산지값 폐기(""중국"", origin에 이미 ""중국"")"
619,분리대두단백질,"company→origin(""미국"")"
620,분리대두단백질,"company→origin(""인도산"")"
621,분리대두단백질,"company→origin(""싱가포르"")"
622,분리우유단백질,"company→origin(""덴마크"")"
623,분리유단백질(MPI),"company→origin(""프랑스"")"
625,산양유단백분말,"company→origin(""네덜란드"")"
626,유청농축단백질(WPC),"company→origin(""미국"")"
627,유청분리단백질(WPI),"company→origin(""미국"")"
628,유청분리단백질(WPI),"company→origin(""네덜란드"")"
629,가수분해유청단백(WPH),"company→origin(""미국"")"
630,초유단백분말,"company→origin(""네덜란드"")"
633,트립토판,"company→origin(""미국"")"
634,트립토판,"company→origin(""일본"")"
635,프롤린,"company→origin(""중국"")"
636,히스티딘,"company→origin(""중국"")"
637,20야채혼합농축분말,"company→비고(규격값 ""HCS-5180"")"
638,27종과일야채혼합농축분말,"company→비고(규격값 ""HCS-7799"")"
639,가시오가피추출분말,"company→origin(""한국"")"
640,가자추출물,"company→origin(""호주"")"
642,갈근분말,"company→origin(""중국산"")"
643,갈근분말,"company→origin(""중국산"")"
645,감초분말,"company→origin(""우주베키스탄"")"
646,건강추출물,"company→origin(""중국"")"
648,결명자분말,"company→origin(""중국산"")"
649,결명자분말,"company→origin(""인도"")"
650,계피추출분말,"company→origin(""베트남"")"
651,계피추출분말,"company→origin(""베트남"")"
653,곽향추출분말,"company→origin(""중국"")"
654,구기자농축액,"company→origin(""국산"")"
658,구기자추출분말,"company의 숫자값 폐기(""1"")"
661,그린커피빈추출분말,"company→origin(""인도"")"
662,녹각추출분말,"company→origin(""수입"")"
663,녹차분말,"company→origin(""국산"")"
664,녹차분말,"company→origin(""국산"")"
666,다시마분말,"company→origin(""국산"")"
667,단삼분말,"company→origin(""중국"")"
668,단삼분말,"company→origin(""중국"")"
671,대추농축액,"company→origin(""국산"")"
672,대추야자추출분말,"company→origin(""이란"")"
673,더덕분말,"company→origin(""국산"")"
676,두충분말,"company→origin(""한국"")"
677,두충추출분말고형분30%,"company→origin(""한국"")"
681,레몬농축액,"company→origin(""이스라엘산"")"
683,링콘베리주스분말,"company→origin(""핀란드"")"
685,마추출분말,"company→origin(""국산"")"
686,마추출분말,"company→origin(""국산"")"
688,매실추출물분말,"company→origin(""국산"")"
689,맥문동분말,"company→origin(""중국산"")"
690,맥아추출분말,"company→origin(""국산"")"
691,맥아추출분말,"company→origin(""영국산"")"
692,민들레(포공영)일반분말,"company→origin(""국산"")"
693,민들레(포공영)일반분말,"company→origin(""중국"")"
694,민들레추출분말,"company→origin(""중국"")"
695,바나나 엑기스분말,"company→origin(""필리핀산"")"
696,발아현미분말,"company→origin(""국산"")"
698,발효구기자추출분말,"company→origin(""국산"")"
700,백복령추출분말,"company→origin(""중국"")"
704,보이차,"company→origin(""중국"")"
705,보이차추출분말,"company→origin(""중국"")"
706,복령분말,"company→origin(""중국산"")"
707,복령분말,"company→origin(""중국산"")"
708,복숭아농축액,"company→origin(""이스라엘산"")"
709,복숭아농출분말,"company→origin(""이스라엘산"")"
710,복합황금추출물,"company→origin(""한국"")"
714,산사자추출분말,"company→origin(""중국"")"
719,산약분말,"company→origin(""국산"")"
720,산약분말,"company→origin(""중국산"")"
721,산약분말,"company→origin(""중국산"")"
722,산약추출분말,"company→origin(""국내"")"
724,생강추출물,"company→origin(""한국"")"
727,서양산사자추출분말,"company→origin(""이태리"")"
728,석류추출분말,"company→origin(""이란"")"
729,석류추출분말,"company→origin(""튀르키예"")"
731,수국잎열수추출물,"company→origin(""국산"")"
733,숙지황농축액,"company→origin(""중국"")"
734,숙지황분말,"company→origin(""국산"")"
735,숙지황분말,"company→origin(""중국산"")"
736,숙지황엑기스,"company→origin(""국산"")"
737,숙지황추출분말,"company→origin(""국산"")"
739,아스파라거스추출분말,"company→origin(""페루,멕시코,호주"")"
740,알로에베라추출분말일반식품,"company→origin(""중국"")"
742,연자육추출분말,"company→origin(""국산"")"
744,오렌지농축분말,"company→origin(""브라질산"")"
745,오렌지농축액,"company→origin(""미국산"")"
747,와일드망고종자추출분말,"company→origin(""미국산"")"
748,와일드망고추출분말,"company→origin(""미국산"")"
750,용안육분말,"company→origin(""중국베트남"")"
753,울금분말,"company→origin(""인도"")"
754,울금분말,"company→origin(""인도네시아"")"
755,울금분말,"company→origin(""인도"")"
763,정향추출분말,"company→origin(""인도네시아"")"
765,진피추출분말,"company→origin(""한국"")"
768,천궁추출물,"company→origin(""한국"")"
769,함초분말,"company→origin(""국산"")"
770,황기추출물,"company→origin(""한국"")"
772,황금분말,"company→origin(""중국산"")"
774,어성초일반분말,"company→origin(""국산"")"
775,어성초일반분말,"company→origin(""중국산"")"
776,어성초추출분말,"company→origin(""국산"")"
777,어성초추출분말,"company→origin(""중국산"")"
780,모과농축액(65브릭스),"company→비고(규격값 ""모과9%+정제수91%"")"
781,모과농축액(60브릭스)100%,"company→비고(규격값 ""모과90%+저감미당10%"")"
785,생강농축액,"company→비고(규격값 ""생강100%"")"
786,생강농축액,"company→비고(규격값 ""당타입"")"
787,곰보배추분말(일반),"company→origin(""국산"")"
788,엘더베리(착즙)농축액(65브릭스),"company→origin(""오스트리아"")"
789,엘더베리추출분말(32:1),"company→origin(""독일"")"
793,사인분말,"company→origin(""베트남"")"
802,석류추출물,"company→packing(""20"")"
803,까마귀쪽나무열매주정추출물,"company→packing(""20"")"
804,칸달로프멜론추출물,"company→packing(""20"")"
805,초록입홍합추출오일복합물,"company→packing(""20"")"
806,헛개나무병추출분말,"company의 숫자값 폐기(""20"")"
807,작약추출물등복합물,"company→packing(""25"")"
808,돌외잎주정추출분말,"company→packing(""100"")"
809,레몬 밤 추출물,"company→packing(""100"")"
811,그린커피빈,"company→packing(""25"")"
812,핑거루트추출분말,"company→packing(""10"")"
826,라임농축액,"공급사 통일(""해찬솔푸드""→""해찬솔"")"
831,레몬농축액4024,"공급사 통일(""해찬솔푸드""→""해찬솔"")"
833,뽕잎추출분말,"공급사 통일(""해찬솔푸드""→""해찬솔"")"
836,돼지감자추출분말,"공급사 통일(""해찬솔푸드""→""해찬솔"")"
838,여주추출분말,"공급사 통일(""해찬솔푸드""→""해찬솔"")"
840,갈근농축분말,"공급사 통일(""해찬솔푸드""→""해찬솔"")"
844,맥문동추출분말,"공급사 통일(""해찬솔푸드""→""해찬솔"")"
848,차가버섯추출분말,"공급사 통일(""해찬솔푸드""→""해찬솔"")"
850,마추출분말(산약),"공급사 통일(""해찬솔푸드""→""해찬솔"")"
854,숙지황추출분말,"공급사 통일(""해찬솔푸드""→""해찬솔"")"
857,쇠무릎분말,"공급사 통일(""해찬솔푸드""→""해찬솔"")"
861,오미자추출분말,"공급사 통일(""해찬솔푸드""→""해찬솔"")"
864,연자육추출분말,"공급사 통일(""해찬솔푸드""→""해찬솔"")"
870,다시마추출분말,"공급사 통일(""해찬솔푸드""→""해찬솔"")"
872,파슬리 추출물,"공급사 통일(""해찬솔푸드""→""해찬솔"")"
873,블루베리 추출분말,"공급사 통일(""해찬솔푸드""→""해찬솔"")"
874,모링가 추출물,"공급사 통일(""해찬솔푸드""→""해찬솔"")"
884,레몬농축액,"공급사 통일(""해찬솔푸드""→""해찬솔"")"
885,블루베리농축액,"공급사 통일(""해찬솔푸드""→""해찬솔"")"
886,바나나 엑기스분말,"공급사 통일(""해찬솔푸드""→""해찬솔"")"
887,호박 추출분말,"공급사 통일(""해찬솔푸드""→""해찬솔"")"
888,단호박추출분말,"공급사 통일(""해찬솔푸드""→""해찬솔"")"
907,유기농여주분말,"공급사 통일(""㈜에코네이처""→""에코네이처"")"
913,망고스틴농축분말,"공급사 통일(""해찬솔푸드""→""해찬솔"")"
914,매실 추출분말,"공급사 통일(""해찬솔푸드""→""해찬솔"")"
922,초코향분말,"공급사 통일(""해찬솔푸드""→""해찬솔"")"
935,오렌지농축분말,"공급사 통일(""해찬솔푸드""→""해찬솔"")"
938,풋사과농축분말,"공급사 통일(""해찬솔푸드""→""해찬솔"")"
945,말토덱스트린,"공급사 통일(""해찬솔푸드""→""해찬솔"")"
948,로즈힙추출분말,"공급사 통일(""해찬솔푸드""→""해찬솔"")"
951,유자과즙분말,"공급사 통일(""해찬솔푸드""→""해찬솔"")"
953,세븐베리추출분말,"공급사 통일(""해찬솔푸드""→""해찬솔"")"
964,27종 과일야채혼합농축분말,"공급사 통일(""해찬솔푸드""→""해찬솔"")"
965,20종 야채혼합농축분말,"공급사 통일(""해찬솔푸드""→""해찬솔"")"
984,쌀겨추출물 분말,"공급사 통일(""해찬솔푸드""→""해찬솔"")"
989,옥수수추출분말,"공급사 통일(""해찬솔푸드""→""해찬솔"")"
990,옥수수수염추출분말,"공급사 통일(""해찬솔푸드""→""해찬솔"")"
997,루바브추출분말,"공급사 통일(""해찬솔푸드""→""해찬솔"")"
1001,당귀농축액,"공급사 통일(""해찬솔푸드""→""해찬솔"")"
1003,숙지황추출분말,"공급사 통일(""해찬솔푸드""→""해찬솔"")"
1006,구기자추출분말,"공급사 통일(""해찬솔푸드""→""해찬솔"")"
1069,샤인머스켓향분말,"공급사 통일(""해찬솔푸드""→""해찬솔"")"
1072,청포도 농축분말,"공급사 통일(""해찬솔푸드""→""해찬솔"")"
1075,레드비트농축분말,"공급사 통일(""해찬솔푸드""→""해찬솔"")"
1078,산수유추출분말,"공급사 통일(""해찬솔푸드""→""해찬솔"")"
1081,돼지감자(예루살렘 아티초크)추출분말,"공급사 통일(""해찬솔푸드""→""해찬솔"")"
1085,루바브뿌리 추출분말,"공급사 통일(""해찬솔푸드""→""해찬솔"")"
1088,수박과피,"공급사 통일(""해찬솔푸드""→""해찬솔"")"
1097,흰강낭콩추출분말,"공급사 통일(""해찬솔푸드""→""해찬솔"")"
1099,마테추출분말,"공급사 통일(""해찬솔푸드""→""해찬솔"")"
1108,화이트토마토추출농축분말,"공급사 통일(""엘본에이치엔비""→""엘본에이치앤비"")"
1112,락토바실러스 람노서스GG,"company 무의미값 제거(""미상"")"
1125,해조칼슘,"공급사 통일(""엘본에이치엔비""→""엘본에이치앤비"")"
1209,아로니아농축액,"공급사 통일(""해찬솔푸드""→""해찬솔"")"
1212,모과농축액 (65브릭스),"공급사 통일(""해찬솔푸드""→""해찬솔"")"
1253,구연산마그네슘,"공급사 통일(""X""→""x"")"
1254,겐티아나(뿌리)추출물,"공급사 통일(""X""→""x"")"
1410,루바브추출분말,"공급사 통일(""해찬솔푸드""→""해찬솔"")"
1610,돌외잎주정추출분말,"공급사 통일(""(주)티지바이오텍""→""티지바이오텍"")"
1613,핑거루트추출분말(판두라틴),"공급사 통일(""㈜뉴트리""→""뉴트리"")"
1616,미강추출물,"공급사 통일(""㈜에스앤디""→""에스앤디"")"
1623,메론추출물,"공급사 통일(""㈜시스팡""→""시스팡"")"
1704,잠두콩,"company 무의미값 제거(""인터넷"")"
1751,나노커큐민,"공급사 통일(""㈜나온스""→""나온스"")"
1752,나노커큐민,"공급사 통일(""㈜상아아그리텍""→""상아아그리텍"")"
1819,아로니아농축분말,"공급사 통일(""헤찬솔""→""해찬솔"")"
1893,스피루리나,"공급사 통일(""주영엔에스""→""주영"")"
1909,콘드로이친(황산20%),"company 무의미값 제거(""박대표"")"
1910,산양유단백분말(네덜란드),"company 무의미값 제거(""박대표"")"
1911,유채씨유추출분말,"공급사 통일(""암베""→""ambe"")"
1912,유채씨유추출분말,"공급사 통일(""svagro""→""SvAgro"")"
1913,리포조말철,"공급사 통일(""botanic""→""보타닉"")"
1915,글루타치온98%,"공급사 통일(""AMBE""→""ambe"")"
1918,옥타코사놀추출분말(60%),"company 무의미값 제거(""모름"")"
1919,옥타코사놀추출분말,"company 무의미값 제거(""모름"")"
1923,과라나추출분말(25%),"공급사 통일(""SVArgro""→""SvAgro"")"
1924,녹차카테킨(70%),"공급사 통일(""SVAgro""→""SvAgro"")"
1925,소연골추출분말(프로테오글리칸2%),"company 무의미값 제거(""모름"")"
1926,소연골추출분말(프로테오글리칸10%),"company 무의미값 제거(""모름"")"
1927,실크단백질가수분해물,"공급사 통일(""월드웨이주식회사""→""월드웨이"")"
1928,아르지닌,"company의 원산지값 폐기(""직수입"", origin에 이미 ""인도산"")"
1929,브로멜라인,"company 무의미값 제거(""self"")"
1938,홍화유,"company 무의미값 제거(""모름"")"
1939,nmn,"company 무의미값 제거(""모름"")"
1940,nmn,"공급사 통일(""SVAgro""→""SvAgro"")"
1941,아스코브산칼슘(중국산),"company 무의미값 제거(""모름"")"
1942,아스코브산나트륨(중국)(중성),"company 분리(""중국(아리선)""→원산지 ""중국"" + 공급사 ""아리선"") / 공급사 통일(""아리선""→""arisun"")"
1943,19곡발효효소분말,"공급사 통일(""선일에프엔씨""→""선일에프앤씨"")"
1945,글루타치온98%,"공급사 통일(""svagro""→""SvAgro"")"
1948,초임계RTG오일80%,"공급사 통일(""세일인터내쇼날""→""세일인터내셔널"")"
1949,초임계RTG오일60%,"공급사 통일(""세일인터내쇼날""→""세일인터내셔널"")"
1965,구강유산균(L.paracasei GMNL-33),"공급사 통일(""Dental-lac""→""dental-lac"")"
1968,리포조말철,"공급사 통일(""보타닉사""→""보타닉"")"
1970,시클로덱스트린시럽,"공급사 통일(""올담""→""올담식품"")"
1974,리포조말철,"공급사 통일(""Botanic""→""보타닉"")"
1975,L-트립토판,"공급사 통일(""arison""→""arisun"")"
1977,유채씨앗오일추출분말,"공급사 통일(""amber""→""ambe"")"
1978,아누카사과분말,"공급사 통일(""Svagro""→""SvAgro"")"
1983,녹차추출분말,"공급사 통일(""올담""→""올담식품"")"
1984,코코아맛분말,"공급사 통일(""올담""→""올담식품"")"
1986,커피향분말,"공급사 통일(""올담""→""올담식품"")"
1987,초코향분말01,"공급사 통일(""올담""→""올담식품"")"
1988,딸기향분말,"공급사 통일(""올담""→""올담식품"")"
1989,딸기농축분말,"공급사 통일(""올담""→""올담식품"")"
1990,요구르트맛분말-1,"공급사 통일(""올담""→""올담식품"")"
1991,요구르트향분말,"공급사 통일(""올담""→""올담식품"")"
1992,홍경천,"company→origin(""독일산"")"
1999,차전자피(직수입),"공급사 통일(""Ambe""→""ambe"")"
2002,이노시톨,"공급사 통일(""Arisun""→""arisun"")"