코드,원료명,공급사,단가,원산지,포장단위,분류,기능성,규격,비고
SRC21-0001,103(백세곡류효소분말),현대바이오랜드,50000,국산,20,일반식품,N,,"80unit/g / 구분원문: 아밀라아제16,000unit"
SRC21-0002,15곡곡류효소분말,(미지정),60000,,20,일반식품,N,"아밀라아제20만유닛, 프로테아제300유닛",
SRC21-0003,20야채혼합농축분말,(미지정),17000,,20,일반식품,N,하이베이스(HCS-7799),
SRC21-0004,27종과일야채혼합농축분말,(미지정),23000,,20,일반식품,N,하이베이스(HCS-5180),
SRC21-0005,365과체발효효소분말,(미지정),60000,,20,일반식품,N,"아밀라아제50만유닛,프로테아제1000유닛",
SRC21-0006,"BCCA(중국,국내가공)",(미지정),45000,,20,일반식품,N,태성(1:1:1),
SRC21-0007,BCCA혼합제제,(미지정),24000,중국,,일반식품,N,하이베이스류신 2:1:1,
SRC21-0008,HK나토배양물(개별인정형),(미지정),680000,,10,일반식품,N,엘본에이치앤비(133mg/day),
SRC21-0009,L-라이신,(미지정),7500,중국,25,일반식품,N,하아베이스,
SRC21-0010,L-로이신,(미지정),30000,중국,25,일반식품,N,,
SRC21-0011,L-메티오닌,(미지정),69000,중국,20,일반식품,N,,
SRC21-0012,L-시스테인,(미지정),25000,,25,일반식품,N,,
SRC21-0013,L-시스틴,(미지정),43000,국산,,일반식품,N,,
SRC21-0014,L-아스파르산,(미지정),10000,중국,25,일반식품,N,,
SRC21-0015,L-트레오닌,(미지정),12000,중국,25,일반식품,N,,
SRC21-0016,L-페닐알라닌,(미지정),25000,중국,25,일반식품,N,,
SRC21-0017,MSM,(미지정),20000,미국,20,일반식품,N,,
SRC21-0018,MSM(옵티),(미지정),60000,미국,20,일반식품,N,,
SRC21-0019,가르시니아캄보지아,(미지정),42000,인도,25,일반식품,N,70%,
SRC21-0020,가르시니아캄보지아,(미지정),32000,인도,,일반식품,N,하이베이스(수용성)(60%),
SRC21-0021,가바(유산균유래)(발효),(미지정),210000,,5,일반식품,N,,
SRC21-0022,갈락토올리고당,(미지정),27000,,,일반식품,N,,
SRC21-0023,갈랑가추출분말,(미지정),200000,,10,일반식품,N,액상으로진행불가,
SRC21-0024,감초(원물),(미지정),50000,국산,25,일반식품,N,,
SRC21-0025,감초(원물)(우즈베키스탄),(미지정),14000,,35,일반식품,N,,
SRC21-0026,감태추출분말,(미지정),48000,,100,일반식품,N,오더베이스,
SRC21-0027,강황 커큐민(리포좀),(미지정),230000,폴란드,,일반식품,N,18%,
SRC21-0028,강황(하이드로커큐민)(수용성),(미지정),260000,인도,25,일반식품,N,커큐민50%(서호상사),
SRC21-0029,강황추출분말,(미지정),28000,인도,10,일반식품,N,커큐민5%,
SRC21-0030,강황추출분말,(미지정),190000,인도,10,일반식품,N,커큐민95%,
SRC21-0031,건조효모,(미지정),630000,미국,5,일반식품,N,,
SRC21-0032,건조효모,(미지정),13500,에스토니아,25,일반식품,N,,
SRC21-0033,검믹스,(미지정),45000,,,일반식품,N,태성,
SRC21-0034,곤약감자세라마이드,(미지정),2000000,중국,,일반식품,N,엘본에이치앤비(22.5%),
SRC21-0035,공액리놀렌산분말,(미지정),65000,,10,일반식품,N,하이베이스(520~620mg),
SRC21-0037,공액리놀렌산오닐,(미지정),55000,,,일반식품,N,태성,
SRC21-0038,공액리놀렌산오일,(미지정),45000,,200,일반식품,N,하이베이스(74%),
SRC21-0039,과라나추출분말,(미지정),46000,브라질,20,일반식품,N,카페인22%,
SRC21-0040,과일야채혼합분말(유기농)12종,(미지정),100000,미국,25,일반식품,N,,
SRC21-0041,구아검,(미지정),5500,인도,25,일반식품,N,,
SRC21-0042,구아검가수분해물,(미지정),36000,인도,15,일반식품,N,,
SRC21-0043,구아바잎분말,(미지정),65000,,40,일반식품,N,엘본에이치앤비,
SRC21-0044,구아바잎분말,(미지정),15000,,,일반식품,N,,
SRC21-0045,구아바잎추출물,(미지정),60000,인도,25,일반식품,N,40%,
SRC21-0046,구연산,(미지정),4500,,,일반식품,N,,
SRC21-0047,구연산나트륨,(미지정),4500,중국,25,일반식품,N,,
SRC21-0048,구연산나트륨,(미지정),7000,오스트리아,25,일반식품,N,,
SRC21-0049,구연산칼륨,(미지정),6700,국산,25,일반식품,N,,
SRC21-0050,굼벵이,(미지정),29000,,300,일반식품,N,,
SRC21-0051,귀리식이섬유,(미지정),6000,독일,20,일반식품,N,,
SRC21-0052,그린커피빈,(미지정),600000,국산,25,일반식품,N,개별인정  400mg/day,
SRC21-0054,글루코만난,(미지정),24000,,25,일반식품,N,하이베이스,
SRC21-0055,글루코사민(N-아세틸),(미지정),110000,태국,10,일반식품,N,95%,
SRC21-0056,글루타민,(미지정),16000,중국,,일반식품,N,,
SRC21-0057,글루타치온(캐나다),(미지정),450000,캐나다,1,일반식품,N,50%,
SRC21-0058,글루타치온(14%)(스위스),(미지정),180000,스위스,,일반식품,N,14%(김부사장),
SRC21-0059,글루타치온,(미지정),350000,인도,,일반식품,N,50%,"280,000"
SRC21-0060,글루타치온(L)효모추출물,(미지정),160000,중국,25,일반식품,N,글루타치온15%,
SRC21-0061,글루타치온건조효모,(미지정),31000,에스토니아,25,일반식품,N,2.5%(김부사장),
SRC21-0062,글루타치온건조효모,(미지정),160000,중국,,일반식품,N,15%,
SRC21-0063,글루타치온건조효모,(미지정),220000,중국,,일반식품,N,50%,
SRC21-0064,글루타치온건조효모,(미지정),680000,,,일반식품,N,글루타치온85% 뉴다바이오(김부사장),규격원문: 리포조말
SRC21-0065,글루타치온건조효모(리포조말)(미국),(미지정),500000,미국,,일반식품,N,리포조말글루타치온 만(50%)(김부사장님),
SRC21-0066,글루타치온건조효모(캐나다),(미지정),400000,캐나다,,일반식품,N,김부사장,
SRC21-0067,글루타치온건조효모(50%)(네덜란드),(미지정),370000,네덜란드,1,일반식품,N,김부사장님 50%,
SRC21-0068,글루타치온건조효모(85%)(인도산),(미지정),380000,인도,,일반식품,N,김부사장님 50%,
SRC21-0069,글루타치온건조효모(50%인도산),(미지정),280000,인도,,일반식품,N,50%(김부사장),
SRC21-0070,글루타치온건조효모(리포조말)(미국),(미지정),600000,미국,,일반식품,N,글루타치온(50%)+비타민C33%,
SRC21-0071,글루타치온건조효모(엥겔비타GSH),(미지정),18000,에스토니아,,일반식품,N,2.5%~3%,
SRC21-0072,글리세린지방산에스테르(글리세롤),(미지정),9000,국산,16,일반식품,N,하이베이스,
SRC21-0073,글리세린지방산에스테르(글리세롤),(미지정),5500,말레이시아,25,일반식품,N,하이베이스,
SRC21-0076,글리신,(미지정),8000,국산,,일반식품,N,,
SRC21-0077,꽃이끼추출물,(미지정),1200000,중국,,일반식품,N,"비타민D3(397,010㎍)",
SRC21-0078,나린진(수용성),(미지정),88000,중국,25,일반식품,N,,
SRC21-0079,나토배양물(개별인정형),(미지정),850000,,10,일반식품,N,선일에프엔씨,
SRC21-0080,낙산,(미지정),15000,스페인,10,일반식품,N,,
SRC21-0081,난소화성 말토덱스트린,(미지정),8000,국산,,일반식품,N,,
SRC21-0082,녹색입홍합분말(동결건조),(미지정),65000,뉴질랜드,25,일반식품,N,,
SRC21-0083,녹용농축액,(미지정),145000,뉴질랜드,20,일반식품,N,5brix,
SRC21-0084,녹용농축액,(미지정),155000,러시아,20,일반식품,N,,
SRC21-0085,녹용추출분말,(미지정),140000,뉴질랜드,10,일반식품,N,10%,
SRC21-0086,녹용추출분말,(미지정),65000,뉴질랜드,,일반식품,N,해찬솔,
SRC21-0087,녹용추출액,(미지정),27000,뉴질랜드,,일반식품,N,해찬솔,
SRC21-0088,녹차추출물분말,(미지정),100000,인도,,건기식,Y,카테킨75%하이베이스,카테킨 03~1g/g / 포장원문: 06월 20일
SRC21-0089,녹차추출물분말,(미지정),80000,미국,,일반식품,N,카테킨70%하이베이스,
SRC21-0090,녹차추출물분말,(미지정),77000,중국,,일반식품,N,카테킨70%하이베이스,
SRC21-0092,녹차추출물분말,(미지정),26000,인도,25,일반식품,N,카테킨30%,
SRC21-0093,녹차추출물분말,(미지정),27000,국산,20,일반식품,N,카테킨30%,
SRC21-0094,다래추출분말,(미지정),280000,,40,일반식품,N,하이베이스,
SRC21-0095,당귀농축액,(미지정),21000,국산,20,일반식품,N,,
SRC21-0096,대나무수액추출분말,(미지정),60000,인도,25,일반식품,N,하이베이스,
SRC21-0097,대두단백추출분말,(미지정),14000,중국,,일반식품,N,,
SRC21-0098,대두레시틴분말,(미지정),15000,인도,,일반식품,N,,
SRC21-0099,대두레시틴액상,(미지정),4600,미국,,일반식품,N,,
SRC21-0100,대두레시틴추출분말,(미지정),26000,인도,20,일반식품,N,하이베이스,
SRC21-0101,대두식이섬유,(미지정),3500,중국,20,일반식품,N,,
SRC21-0102,대두이소플라본(바이오이소플라본)(건식),(미지정),300000,미국,20,일반식품,N,현대바이오랜드(187.5mg/g)이상,
SRC21-0103,대두이소플라본(수용성이소플라본)(건식),(미지정),350000,미국,10,일반식품,N,현대바이오랜드(62mg/g)이상,
SRC21-0104,대두이소플라본,(미지정),105000,,10,일반식품,N,비배당체50mg/g,
SRC21-0105,대두이소플라본,(미지정),240000,,10,일반식품,N,비배당체200mg/g,
SRC21-0106,대두이소플라본,(미지정),460000,,10,일반식품,N,비배당체300mg/g,
SRC21-0107,대두추출분말,(미지정),58000,미국,,일반식품,N,이소플라본3%일반식품,
SRC21-0110,도라지원물,(미지정),9000,중국,30,일반식품,N,,
SRC21-0111,도라지원물,(미지정),23000,국산,30,일반식품,N,,
SRC21-0112,도라지추출물,(미지정),21000,,,일반식품,N,,
SRC21-0113,동충하초(밀라타리스),(미지정),55000,국산,10,일반식품,N,바이오케어,
SRC21-0114,딸기향,(미지정),11000,,,일반식품,N,,
SRC21-0115,라이코펜,(미지정),350000,인도,5,일반식품,N,6%,
SRC21-0116,라임농축액,(미지정),13500,,20,일반식품,N,,
SRC21-0117,락추로스분말50,(미지정),15000,,20,일반식품,N,,
SRC21-0118,락토바실러스플란타룸배양건조물,(미지정),70000,,3,일반식품,N,,
SRC21-0119,락토페린농축물,(미지정),1300000,호주,1,일반식품,N,,
SRC21-0120,락토페린농축물,(미지정),980000,호주,,일반식품,N,하이베이스,
SRC21-0121,락토페린농축물,(미지정),3500000,,,일반식품,N,,규격원문: 개별인정
SRC21-0122,락토페린복합농축물(10%),(미지정),45000,,,일반식품,N,김헤성과장,
SRC21-0123,레드비트농축분말,(미지정),18000,,20,일반식품,N,,
SRC21-0124,레드비트농축분말,(미지정),17000,,,일반식품,N,해찬솔푸드,
SRC21-0125,레드비트농축액(유기농),(미지정),8500,,,일반식품,N,,
SRC21-0126,레드비트분말,(미지정),26000,,,일반식품,N,국산/살균,
SRC21-0127,레몬과즙분말Hcs-5946,(미지정),15000,미국,20,일반식품,N,,
SRC21-0128,레몬껍질추추물(엽산5%),(미지정),78000,인도,,일반식품,N,선일에프앤씨,
SRC21-0129,레몬껍질추출분말,(미지정),120000,인도,,일반식품,N,하이베이스,
SRC21-0130,레몬밤추출분말,(미지정),15000,중국,25,일반식품,N,,
SRC21-0131,레몬향분말,(미지정),25000,,10,일반식품,N,,
SRC21-0132,레스베라톨,(미지정),165000,호주,20,일반식품,N,5%  지표성분(하이베이스),
SRC21-0133,로즈힙추출분말,(미지정),20000,칠레,20,일반식품,N,해찬솔푸드,
SRC21-0134,로즈힙추출분말,(미지정),60000,인도,25,일반식품,N,하이베이스,
SRC21-0135,로즈힙퓨레,(미지정),7500,,,일반식품,N,,
SRC21-0136,로얄제리,(미지정),205000,,5,일반식품,N,하이베이스/면세HDAg함량6%이상,
SRC21-0137,루바브추출분말,(미지정),24000,국산,20,일반식품,N,해찬솔푸드,
SRC21-0138,루바브추출분말,(미지정),20000,국산,20,일반식품,N,하이베이스,
SRC21-0139,루테인,(미지정),180000,미국,,일반식품,N,20%,
SRC21-0140,루테인,(미지정),150000,인도,,일반식품,N,20%,
SRC21-0141,리소짐분말,(미지정),220000,이탈리아,,일반식품,N,하이베이스,
SRC21-0142,리소짐분말,(미지정),260000,네덜란드,,일반식품,N,하이베이스,
SRC21-0143,리파아제,(미지정),180000,덴마크,5,일반식품,N,,
SRC21-0144,리파아제,(미지정),1100000,영국,1,일반식품,N,"115,000LipaseU/g",
SRC21-0145,링곤베리분말,(미지정),100000,에스토니아,,일반식품,N,하이베이스,
SRC21-0146,링콘베리,(미지정),100000,에스토니아,12.5,일반식품,N,하이베이스,
SRC21-0147,링콘베리퓨레분말,(미지정),85000,,,일반식품,N,하이베이스,
SRC21-0148,마더애플사이다비니거,(미지정),68000,미국,,일반식품,N,곤,
SRC21-0149,마리골드,(미지정),95000,미국,5,일반식품,N,루테인함유량5%,
SRC21-0150,마리골드꽃추출물,(미지정),140000,인도,5,일반식품,N,루테인오일(20%),
SRC21-0151,마리골드꽃추출물,(미지정),130000,,25,일반식품,N,루테인오일(20%),
SRC21-0152,마리골드꽃추출분말,(미지정),132000,인도,10,일반식품,N,루테인분말(10%),
SRC21-0153,마리골드추출물,(미지정),130000,,10,일반식품,N,,
SRC21-0154,마리골드추출분말,(미지정),80000,인도,1,일반식품,N,루테인함유량5% 지아잔틴1%,
SRC21-0155,마테추출분말,(미지정),16000,브라질,20,일반식품,N,해찬솔푸드,
SRC21-0156,마테추출분말,(미지정),50000,브라질,10,일반식품,N,하이베이스,
SRC21-0157,말토덱스트린,(미지정),1800,중국,,일반식품,N,해찬솔푸드,
SRC21-0158,말토덱스트린,(미지정),2400,국산,,일반식품,N,하이베이스,
SRC21-0159,망고스틴농축분말,(미지정),22000,,60,일반식품,N,해찬솔푸드,
SRC21-0160,매실추출분말,(미지정),17000,,20,일반식품,N,해찬솔푸드,
SRC21-0161,매실추출분말,(미지정),19000,,20,일반식품,N,새롬비엔네프,
SRC21-0162,매실추출분말,(미지정),18000,,20,일반식품,N,하이베이스,
SRC21-0163,맥아추출분말,(미지정),25000,국산,20,일반식품,N,,
SRC21-0164,맥아추출분말,(미지정),23500,영국,25,일반식품,N,,
SRC21-0165,맥주효모,(미지정),9500,독일,,일반식품,N,,
SRC21-0166,맥주효모,(미지정),9200,독일,25,일반식품,N,,
SRC21-0168,모로오렌지,(미지정),75000,폴란드,25,일반식품,N,C3G개런티됨,
SRC21-0169,모로오렌지,(미지정),16000,이탈리아,20,일반식품,N,엘본에이치앤비,
SRC21-0170,모로오렌지,(미지정),15000,,20,일반식품,N,새롬비엔에프,
SRC21-0171,모로오렌지,(미지정),55000,폴란드,15,일반식품,N,하이베이스,
SRC21-0172,모로오렌지,(미지정),18000,이스라엘,20,일반식품,N,하이베이스,
SRC21-0173,모로블러드오렌지농축액,(미지정),9700,이탈리아,,일반식품,N,하이베이스,
SRC21-0174,모링가추출분말,(미지정),15000,,60,일반식품,N,해찬솔푸드,
SRC21-0175,모링가추출분말,(미지정),21000,,20,일반식품,N,새롬비엔에프,
SRC21-0176,무수구연산,(미지정),3000,,25,일반식품,N,,
SRC21-0177,미강분말,(미지정),8000,,20,일반식품,N,살균,
SRC21-0178,미강추출분말,(미지정),26000,,10,일반식품,N,하이베이스,
SRC21-0180,뮤코다당.단백,(미지정),90000,중국,,일반식품,N,김부사장(단백질과 콘드로이친황산비율1이상~9.0이하(770mg/g),
SRC21-0181,뮤코다당(철갑상어),(미지정),190000,대만,,일반식품,N,단톡(김부사장)(1.2g~1.5g),
SRC21-0183,미나리추출분말(돌),(미지정),28000,,100,일반식품,N,고형분0.55 70%+덱스트린,
SRC21-0185,미역추출분말,(미지정),75000,중국,,일반식품,N,,
SRC21-0186,미역추출분말,(미지정),15000,,60,일반식품,N,해찬솔푸드,
SRC21-0187,밀배아추출물,(미지정),47000,,25,일반식품,N,,
SRC21-0188,밀크세라마이드,(미지정),270000,뉴질랜드,10,일반식품,N,,
SRC21-0189,밀크씨슬,(미지정),98000,미국,20,일반식품,N,실리마린50%,
SRC21-0190,밀크씨슬,(미지정),72000,중국,20,일반식품,N,실리마린80%,
SRC21-0191,밀크씨슬(유기농),(미지정),390000,미국,25,일반식품,N,실리마린50%,
SRC21-0192,밀크씨슬(유기농),(미지정),450000,스페인,5,일반식품,N,실리마린50%,
SRC21-0193,바나바잎추출물,(미지정),60000,인도,,일반식품,N,1%,
SRC21-0194,바실러스나토균농축분말,(미지정),950000,,,일반식품,N,선일에프엔씨(엠케이7),포장원문: 48mg
SRC21-0195,바실러스나토균농축분말,(미지정),2000000,,,일반식품,N,선일에프엔씨(1.3%)(10~20mg)(100~200㎍),
SRC21-0196,발레리안,(미지정),140000,프랑스,25,일반식품,N,하이베이스(발레리안산 0.8%),
SRC21-0197,발린,(미지정),27000,중국,25,일반식품,N,,
SRC21-0199,발효골드드키위분말,(미지정),200000,,,일반식품,N,,
SRC21-0200,발효율피추출분말,(미지정),19000,국산,,일반식품,N,고형분2.7% 국산프라타김치유산균72%,
SRC21-0201,발효홍삼농축액(6년근),(미지정),250000,,5,일반식품,N,현대바이오랜드,
SRC21-0202,발효홍삼농축액분말(6년근),(미지정),260000,,20,일반식품,N,현대바이오랜드,
SRC21-0203,벌나무농축액(산겨릅나무),(미지정),40000,,15,일반식품,N,하이베이스,
SRC21-0204,베타알라닌,(미지정),16000,중국,,일반식품,N,,
SRC21-0206,병풀추출물,(미지정),100000,인도,,일반식품,N,tripene 20%,
SRC21-0207,병풀추출물,(미지정),18000,중국,,일반식품,N,,
SRC21-0208,병풀추출물,(미지정),82000,,25,일반식품,N,태성,
SRC21-0209,보라지유,(미지정),47000,네덜란드,18,일반식품,N,20%,
SRC21-0210,보스웰리아,(미지정),43000,,,일반식품,N,70%,
SRC21-0211,보스웰리아추출분말,(미지정),12000,인도,25,일반식품,N,10%,
SRC21-0212,보스웰릭산,(미지정),11000,,,일반식품,N,10%,
SRC21-0213,보스웰릭산,(미지정),33000,,,일반식품,N,65%,
SRC21-0214,복분자농축애(65브릭스),(미지정),40000,국산,,일반식품,N,"복분자추출액(고형분5%),저당",
SRC21-0215,복분자농축액,(미지정),25000,중국,,일반식품,N,,
SRC21-0216,복분자농축액(20브릭스),(미지정),65000,국산,,일반식품,N,복분자100%,
SRC21-0217,복숭아추출분말,(미지정),27000,,20,일반식품,N,sr 25169,
SRC21-0218,복합효소,(미지정),285000,국산,10,일반식품,N,,
SRC21-0219,복합효소,(미지정),145000,인도,10,일반식품,N,,
SRC21-0220,부티릭산(뷰)(Butyric acid),(미지정),15000,스페인,10,일반식품,N,,
SRC21-0221,분리대두단백(ISP),(미지정),7000,인도,,일반식품,N,담원인터내셔널(COA)있슴,포장원문: 폰테라
SRC21-0222,분유(전지),(미지정),13000,,20,일반식품,N,,
SRC21-0223,분유(탈지),(미지정),10000,,20,일반식품,N,,
SRC21-0224,브로멜라인,(미지정),90000,인도네시아,10,일반식품,N,파인애플추출물60%(고형물90%)+덱스츠린(40%),
SRC21-0225,브로멜라인,(미지정),65000,인도,,일반식품,N,,
SRC21-0226,브로멜라인,(미지정),56000,필리핀,,일반식품,N,,
SRC21-0227,브로멜라인(1200GDU),(미지정),130000,태국,,일반식품,N,100%,
SRC21-0228,브로멜라인(1200GDU),(미지정),100000,인도,10,일반식품,N,효소원말76%+말토덱스트린35%,
SRC21-0229,브로콜리농축액,(미지정),13000,,20,일반식품,N,,
SRC21-0230,브로콜리추출분말,(미지정),19000,,20,일반식품,N,하아베이스,
SRC21-0231,마카분말(블랙),(미지정),25000,페루,,일반식품,N,,
SRC21-0232,마카분말(레드),(미지정),75000,,10,일반식품,N,서호상사,
SRC21-0233,블루베리농축분말,(미지정),24000,,20,일반식품,N,sr-24305,
SRC21-0234,블루베리농축액,(미지정),13000,미국,25,일반식품,N,,
SRC21-0235,블루베리주스농축액25,(미지정),12000,,25,일반식품,N,,
SRC21-0236,블루베리추출분말,(미지정),15000,,20,일반식품,N,해찬솔푸드,
SRC21-0237,블루스피루리나(일반분말),(미지정),180000,프랑스,25,일반식품,N,,
SRC21-0238,비오틴/g,(미지정),2000,중국,,일반식품,N,100%,포장원문: g단위
SRC21-0239,비오틴/g,(미지정),13000,프랑스,,일반식품,N,서호상사,포장원문: g단위
SRC21-0240,비타민B복합분말,(미지정),180000,,10,일반식품,N,,
SRC21-0241,비타민C,(미지정),7500,중국,25,일반식품,N,,
SRC21-0242,비타민C(중성),(미지정),70000,미국,,일반식품,N,,
SRC21-0243,비타민C(리포조말),(미지정),150000,,,일반식품,N,김부사장,일자원문: 70%
SRC21-0244,비타민C(리포조말),(미지정),170000,미국,,일반식품,N,단톡방(박대표),일자원문: 70%
SRC21-0245,비타민미네랄믹스Fs,(미지정),108000,,,일반식품,N,남양,규격원문: 20kg
SRC21-0246,비타민미네랄믹스Fs,(미지정),30000,,10,일반식품,N,하이베이스,
SRC21-0248,빌베리추출물,(미지정),77000,폴란드,5,일반식품,N,유기농,
SRC21-0249,빌베리추출물,(미지정),950000,인도,,일반식품,N,안토시안25%이상,; / 포장원문: 건식
SRC21-0251,사과농축액,(미지정),4400,,25,일반식품,N,,
SRC21-0252,사과농축액,(미지정),5700,,20,일반식품,N,,
SRC21-0253,사과산,(미지정),6000,,,일반식품,N,,
SRC21-0254,사과농축분말(풋),(미지정),14000,,20,일반식품,N,해찬솔푸드,
SRC21-0255,사과농축분말(청),(미지정),15000,,,일반식품,N,새롬비앤에프,
SRC21-0256,사과추출분말(청(풋)),(미지정),19000,중국,25,일반식품,N,하이베이스,
SRC21-0257,사과초모식초분말,(미지정),32000,,,일반식품,N,사과100%(70%+덱스트린),
SRC21-0258,사균체(포스트바이오틱스),(미지정),60000,,,일반식품,N,락토바실러스플란타럼배양건조물,규격원문: 10억cell/g
SRC21-0259,사균체(포스트바이오틱스),(미지정),2000000,일본,1,일반식품,N,엔테르코커스페칼리스,
SRC21-0260,산사자추출분말,(미지정),19000,중국,20,일반식품,N,,
SRC21-0262,산수유추출분말,(미지정),25000,,,일반식품,N,해찬솔푸드,
SRC21-0263,산수유추출분말',(미지정),35000,,,일반식품,N,새롬비앤에프,
SRC21-0264,산양유분말,(미지정),30000,네덜란드,15,일반식품,N,,
SRC21-0265,상어연골,(미지정),48000,호주,,일반식품,N,하이베이스,
SRC21-0266,상어연골,(미지정),35000,중국,,일반식품,N,하이베이스,
SRC21-0267,상어연골분말,(미지정),48000,,20,일반식품,N,일본에이치앤비,
SRC21-0269,상어연골분말,(미지정),95000,미국,,일반식품,N,황산콘드로이친함량20%(하이베이스),
SRC21-0270,상어연골추출분말,(미지정),75000,중국,,일반식품,N,뮤코다당단백(건기식)(하이베이스)(,
SRC21-0271,상어추출분말(철갑),(미지정),210000,덴마크,,일반식품,N,엠바이오텍(건기식원료)(주원료안됨),
SRC21-0272,상추분말,(미지정),25000,국산,30,일반식품,N,,
SRC21-0273,새싹보리추출분말,(미지정),29000,국산,,일반식품,N,,
SRC21-0274,샤인머스캣추출분말,(미지정),25000,,,일반식품,N,새롬비앤에프,
SRC21-0275,샤인머스캣향분말,(미지정),22000,국산,20,일반식품,N,하이베이스,
SRC21-0276,샤인머스캣향분말,(미지정),30000,,,일반식품,N,해찬솔푸드,
SRC21-0277,서양꿀,(미지정),5000,,,일반식품,N,,
SRC21-0278,서양산사자추출분발,(미지정),70000,이탈리아,25,일반식품,N,,
SRC21-0279,석류농축액,(미지정),11000,이란,,일반식품,N,,
SRC21-0280,석류농축액,(미지정),8000,스페인,,일반식품,N,,
SRC21-0282,석류농축액(유기농),(미지정),7500,터키,,일반식품,N,,
SRC21-0283,석류추출분말,(미지정),15000,이란,,일반식품,N,해찬솔,
SRC21-0285,석류추출분말,(미지정),24000,이란,20,일반식품,N,하이베이스,
SRC21-0286,석류향분말,(미지정),24000,,,일반식품,N,,
SRC21-0287,세븐베리농축액분말,(미지정),34000,수입,20,일반식품,N,하이베이스,
SRC21-0288,세븐베리추출분말,(미지정),25000,,20,일반식품,N,해찬솔푸드,규격원문: 혼합
SRC21-0289,세인트존스워트추출분말,(미지정),220000,,5,일반식품,N,,
SRC21-0290,소연골콘드로이친황산염,(미지정),135000,인도,,일반식품,N,황산콘드로이친함량25%(하이베이스),
SRC21-0291,소연골콘드로이친황산염,(미지정),160000,인도,25,일반식품,N,정제 600mg 분말1200mg  하이베이스(53.8%),
SRC21-0292,쇠뜨기추출분말,(미지정),42000,,20,일반식품,N,태성,
SRC21-0293,수박과피추출분말,(미지정),99000,,10,일반식품,N,,
SRC21-0294,수크랄로스,(미지정),44000,,,일반식품,N,,
SRC21-0295,스테아린산 마그네슘,(미지정),6000,,,일반식품,N,공장,
SRC21-0296,스피루나분말,(미지정),42000,미국,20,일반식품,N,태성,
SRC21-0297,스피루리나분말,화인컴퍼니,42000,대만,25,일반식품,N,,부가별도
SRC21-0298,식물스테롤,(미지정),65000,인도,25,일반식품,N,하이베이스,
SRC21-0299,식물스테롤,(미지정),75000,미국,15,일반식품,N,하이베이스,
SRC21-0300,식물혼합추출물,(미지정),48000,국산/중국,20,일반식품,N,하이베이스,
SRC21-0301,신데렐라복합추출분말,(미지정),200000,,,일반식품,N,1일 300mg MOQ30만 30만포,규격원문: 국내특허
SRC21-0302,실크펩타이드,(미지정),145000,중국,10,일반식품,N,,
SRC21-0303,쌀마그네슘,(미지정),68000,국산,,일반식품,N,하이베이스17%,
SRC21-0304,쏘팔메토오일,(미지정),115000,인도,,일반식품,N,27.50%,
SRC21-0305,쏘팔메토오일,(미지정),190000,미국,,일반식품,N,28.00%,
SRC21-0306,아가베시럽(유기농),(미지정),15000,,,일반식품,N,,
SRC21-0307,아구아헤,(미지정),180000,,,일반식품,N,,
SRC21-0308,아누카사과추출물,(미지정),67000,폴란드,10,일반식품,N,하이베이스(23/05/11),
SRC21-0309,아누카사과추출물,(미지정),180000,이탈리아,,일반식품,N,선일에프엔씨(23/05/17),
SRC21-0310,아누카사과추출물,(미지정),53000,이탈리아,,일반식품,N,프라임에이치엔비(23/09/13),
SRC21-0311,아누카사과농축액,(미지정),18000,이탈리아,,일반식품,N,프라임에이치엔비(23/09/13),
SRC21-0312,아르기닌,(미지정),28000,국산,20,일반식품,N,,
SRC21-0313,아르기닌,원아,9500,중국,25,일반식품,N,,부가세별도
SRC21-0314,아르기닌,ambe,22000,인도,,일반식품,N,단톡방(박대표),
SRC21-0315,아몬드단백분말,(미지정),36000,,11.34,일반식품,N,,
SRC21-0316,아미노믹스9종,(미지정),98000,,5,일반식품,N,"페닐아라닌,메티오닌,트립토판,히스티딘",
SRC21-0317,아밀라아제,(미지정),70000,,,일반식품,N,4000만유닛/g,
SRC21-0318,아스파탐,(미지정),35000,중국,,일반식품,N,,
SRC21-0319,아카시아꿀,(미지정),10000,,,일반식품,N,,
SRC21-0320,아티초크추출분말,(미지정),40000,프랑스,25,일반식품,N,"페닐아라닌,메티오닌,트립토판,히스티딘",
SRC21-0321,아티초크추출분말,(미지정),50000,스페인,25,일반식품,N,,
SRC21-0322,아티초크추출분말,(미지정),58000,스페인,25,일반식품,N,태성(최준호과장)23/06/27,
SRC21-0323,알긴산나트륨,하이베이스,32500,중국,25,일반식품,N,,
SRC21-0324,아로니아농축액,(미지정),7000,폴란드,250,일반식품,N,하이베이스,
SRC21-0325,아로나이농축액,해찬솔,7800,,20,일반식품,N,해찬솔,
SRC21-0326,아삭이고추추출분말,(미지정),14000,국산,20,일반식품,N,해찬솔,
SRC21-0327,알로에베라추출분말,(미지정),195000,,25,일반식품,N,미국/건식/200:1(총다당채함량100mg/g)(10%),
SRC21-0328,알로에베라추출분말,(미지정),58000,,,일반식품,N,미국/건식/100:1(총다당체함량50mg/g)(5%),
SRC21-0329,야관문추출물분발(비수리),(미지정),35000,,20,일반식품,N,,
SRC21-0330,야채혼합농축분말(20종),(미지정),17000,,,일반식품,N,해찬솔푸드,
SRC21-0331,야채혼합농축분말(27종야채),(미지정),23000,,,일반식품,N,해찬솔푸드,
SRC21-0332,야채혼합분말(과일),(미지정),84000,미국,25,일반식품,N,하이베이스,
SRC21-0333,양배추농축분말,(미지정),32000,국산,,일반식품,N,김혜성과장,
SRC21-0334,양배추농축액,(미지정),24000,국산,20,일반식품,N,해찬솔푸드hcs-6647(국산 양배추100%),
SRC21-0335,양배추농축액,(미지정),19000,,25,일반식품,N,하이베이스,
SRC21-0337,양배추분말(살균),(미지정),22000,국산,25,일반식품,N,김혜성과장,
SRC21-0338,양배추즙농축액,(미지정),20000,,20,일반식품,N,해찬솔 20브릭스 (고형분4.5%)97.4% 올리고당2.6%,
SRC21-0339,양태반,(미지정),180000,호주,10,일반식품,N,95%,
SRC21-0340,어골칼슘,(미지정),38000,프랑스,,일반식품,N,,
SRC21-0341,에리스트롤,(미지정),6500,중국,25,일반식품,N,하이베이스,
SRC21-0342,에리스트롤결정,(미지정),9000,프랑스,20,일반식품,N,태성,
SRC21-0343,에리스트롤결정,(미지정),11500,미국,20,일반식품,N,태성,
SRC21-0344,에리스트롤분말,(미지정),17500,미국,20,일반식품,N,태성,
SRC21-0345,엘라스틴,(미지정),380000,프랑스,5,일반식품,N,,
SRC21-0346,엘라스틴가수분해물,(미지정),260000,미국,20,일반식품,N,최준호과장230627,
SRC21-0347,엠씨티(MCT)오일,(미지정),16000,말레이시아,,일반식품,N,,
SRC21-0348,엠케이7,(미지정),2000000,,,일반식품,N,1.3%분말 선일에프엔씨,포장원문: 2023-03-03
SRC21-0349,여주분말,(미지정),48000,국산,20,일반식품,N,살균,
SRC21-0350,여주분말(유기농),(미지정),40000,,,일반식품,N,이주옥실장 010-7300-1088,
SRC21-0351,여주추추분말,(미지정),31000,국산,20,일반식품,N,덱스트린30%,
SRC21-0352,여주추출물분말,(미지정),50000,인도,25,일반식품,N,,
SRC21-0353,오르니틴염산염,(미지정),150000,국산,,일반식품,N,,
SRC21-0354,오메가3(식물성)(알티지),(미지정),79000,프랑스,190,일반식품,N,초임계/70%,
SRC21-0355,오메가3(동물성)알티지,(미지정),50000,캐나다,,일반식품,N,60%(김부장),
SRC21-0356,오메가3(식물성)(알티지),솔루텍스,270000,스웨덴,190,건기식,Y,75%,"12/23/덤핑가15.8원 / 식물성 단가 낮아지고 있슴 / 온제품8천~9천 정상가11,000"
SRC21-0357,오메가3(식물성)(알티지),솔루텍스,250000,,,일반식품,N,65%,
SRC21-0358,오메가3(알티지)(동물성),(미지정),21500,노르웨이,,일반식품,N,하이베이스(50%),
SRC21-0359,오메가3(알티지)(동물성),(미지정),82000,노르웨이,,일반식품,N,하이베이스(70%),
SRC21-0360,오메가3(알티지)(동물성),(미지정),160000,독일,190,일반식품,N,80%오엔컴퍼니,
SRC21-0361,오메가3(알티지)(동물성),솔루텍스,160000,,190,일반식품,N,80%(김부사장님),
SRC21-0362,오메가3(알티지)(동물성),(미지정),90000,네덜란드,190,일반식품,N,70%,
SRC21-0363,오메가3(정제어유분말),(미지정),65000,독일,20,일반식품,N,DHA10%(하이베이스),
SRC21-0364,오메가3(정제유분말),(미지정),46000,,10,일반식품,N,DHA7%+EPA1%(하이베이스),
SRC21-0366,옥수수수염,(미지정),42000,,,일반식품,N,,
SRC21-0367,옥수수수염추출분말,(미지정),25000,,,일반식품,N,해찬솔푸드,
SRC21-0368,옥수수추출분말,(미지정),15000,,20,일반식품,N,해찬솔푸드,
SRC21-0369,옥타코사놀,(미지정),720000,독일,,일반식품,N,60%,
SRC21-0370,올리브오일,(미지정),11000,,20,일반식품,N,,
SRC21-0371,올리브오일,(미지정),9000,스페인,18,일반식품,N,하이베이스,
SRC21-0372,와일드망고추출분말,(미지정),34000,,25,일반식품,N,,
SRC21-0373,유근피추출분말,(미지정),75000,,20,일반식품,N,,
SRC21-0374,유기농알파미분,(미지정),13000,,15,일반식품,N,,
SRC21-0375,유단백추출물(MBP),(미지정),26000,,20,일반식품,N,담원인터내셔널(COA)있슴,
SRC21-0376,유산균,메디오젠,540000,,,일반식품,N,2000억,
SRC21-0377,유산균(가세리유산균엘2),메디오젠,170000,,1,일반식품,N,100억cfg/g,
SRC21-0378,"유산균(고초균,당화균)(subtillus)",(미지정),55000,,,일반식품,N,10억cfg/g,
SRC21-0379,유산균(국내산구강유산균),(미지정),1200000,,,일반식품,N,2000억(메디오젠특허2종류)(10억보장),규격원문: 2023-09-07
SRC21-0380,유산균(낙산균)(글스트리움부틸리콤미야이리2),(미지정),600000,,,일반식품,N,2000억/g,
SRC21-0381,유산균(다니스코),(미지정),650000,,,일반식품,N,2000억,
SRC21-0382,유산균(당화균),(미지정),45000,,,일반식품,N,10억cfg/g,
SRC21-0383,유산균(대만산구강유산균),(미지정),1500000,대만,,일반식품,N,,
SRC21-0384,유산균(디글루GLU70),(미지정),120000,,,일반식품,N,특허(글루텐분해+장내염증개선(글루텐에의한)),규격원문: 글루텐1kg / 포장원문: 유산균1.5g~2g
SRC21-0385,유산균(디글루MB0601),(미지정),120000,,,일반식품,N,특허(분해+소화도움),
SRC21-0386,유산균(디아이(DI)(8종혼합유산균),메디오젠,570000,,,일반식품,N,2400억,"포장원문: 1,5"
SRC21-0387,유산균(락토바실러스 애시도 필루스),(미지정),290000,,1,일반식품,N,메디오젠500억cfg,
SRC21-0388,유산균(락토바실러스 카제이),(미지정),500000,,1,일반식품,N,메디오젠2000억,
SRC21-0389,유산균(락토바실러스람노서스GG,(미지정),1600000,,,일반식품,N,다니스코(듀퐁사)3500억CFG,
SRC21-0390,유산균(락토바실러스람노서스GG,(미지정),480000,국산,,일반식품,N,2000억 CFG,
SRC21-0391,유산균(락토바실러스코오귤런스),(미지정),470000,,,일반식품,N,1000억/CFg,
SRC21-0392,유산균(락토바실러스파라카제이),(미지정),1500000,,,일반식품,N,4000억,
SRC21-0393,유산균(락토바실러스플란타룸),(미지정),490000,,,일반식품,N,메디오젠2000억/cfg,
SRC21-0394,유산균대사산물(락토바실러스플란터럼),메디오젠,320000,,1,일반식품,N,배양산물1000억,
SRC21-0395,유산균(루테리),(미지정),400000,,,일반식품,N,1000억cfg,
SRC21-0396,유산균(루테리)(엘2),(미지정),140000,,,일반식품,N,100억cfg/g,
SRC21-0397,유산균(루테리)10,(미지정),45000,,,일반식품,N,10억cfg/g,
SRC21-0398,유산균(미야리균)(낙산균),(미지정),500000,,1,일반식품,N,2억cfg/g,
SRC21-0399,유산균(보울라디유산균),(미지정),280000,,,일반식품,N,200억cfg.g,
SRC21-0401,유산균(비피도박테리움 브레브),(미지정),390000,,5,일반식품,N,바른에프피 500억/cfg,
SRC21-0402,유산균(비피도박테리움 애니멀리스 락티스),(미지정),340000,,5,일반식품,N,바른에프피 1000억/cfg,
SRC21-0403,유산균(비피도박테리움락티스분말),에스제이디,470000,,,일반식품,N,1000억,
SRC21-0404,유산균(비피도박테리움락티스분말),듀퐁산,2200000,,,일반식품,N,에스제이디(5000억),
SRC21-0405,유산균(비피도박테리움롱검분발,(미지정),450000,,,일반식품,N,1000억,
SRC21-0406,유산균(비피도박테리움비피덤),(미지정),170000,,,일반식품,N,100억cfg/g,
SRC21-0407,유산균(알러지),(미지정),1300000,,,일반식품,N,4000억/cfg,
SRC21-0408,"유산균(비염,면역)",(미지정),1500000,,,일반식품,N,1000억CFG/g,
SRC21-0409,유산균(엔테코커스페슘분말),(미지정),510000,,,일반식품,N,2000억,
SRC21-0410,유산균(질유산균8종VL8),(미지정),890000,,,일반식품,N,"2000cfg/g 특허(비건인증3종)(Lacto,rhamnose gm020,acidophilus GMNL185",
SRC21-0411,유산균(퍼맨텀)(엘2),메디오젠,150000,,,일반식품,N,100억cfg/g,
SRC21-0412,유산균(퍼맨텀)20,메디오젠,50000,,,일반식품,N,20억cfg/g,
SRC21-0413,유산균(항비만유산균 10종혼합유산균F2200),(미지정),1800000,,,일반식품,N,2200억/cfg,
SRC21-0414,유산균(혼합분말)(17종),(미지정),340000,,,일반식품,N,1000억,
SRC21-0415,유산균대사산물(디글루MB1),(미지정),130000,,,일반식품,N,,
SRC21-0416,유산균대사산물(디글루MB2),(미지정),130000,,,일반식품,N,특허(장내염증개선),
SRC21-0417,유산균사균체(구강용),(미지정),150000,,,일반식품,N,,
SRC21-0418,유자과즙분말,(미지정),29000,국산,,일반식품,N,해찬솔푸드,
SRC21-0419,유자과즙분말,(미지정),28000,국산,,일반식품,N,하이베이스,
SRC21-0420,은행잎추출물,(미지정),180000,미국,25,일반식품,N,24%,
SRC21-0421,이노시돌,(미지정),75000,미국,25,일반식품,N,하이베이스,
SRC21-0422,이노시톨,(미지정),50000,독일,25,일반식품,N,태성,
SRC21-0423,이노시톨(미오),(미지정),52000,중국,25,일반식품,N,선일에프앤씨,
SRC21-0424,이노시톨(미오),(미지정),75000,미국,,일반식품,N,하이베이스,
SRC21-0425,이눌린치커리,(미지정),8500,벨기에,,일반식품,N,,
SRC21-0426,이산화규소,(미지정),5500,,,일반식품,N,공장,
SRC21-0427,이소말트,(미지정),5800,,20,일반식품,N,,
SRC21-0428,이토시톨,(미지정),45000,중국,25,일반식품,N,태성,
SRC21-0429,인디언구스베리분말,(미지정),170000,인도,25,일반식품,N,50%비타민C,
SRC21-0430,인디언구스베리분말,(미지정),90000,인도,,일반식품,N,하이베이스(50%),
SRC21-0431,인삼농축액분말(6년근),(미지정),350000,,,일반식품,N,(Rg1+Rb1%+인삼근70%+인삼미30%)15mg,
SRC21-0432,자당지방에스테르S-370,(미지정),34000,일본,,일반식품,N,하이베이스,
SRC21-0433,자일리톨,(미지정),7500,중국,,일반식품,N,,
SRC21-0434,작두콩추출분말,(미지정),30000,,100,일반식품,N,,
SRC21-0435,잔탄검,(미지정),11500,중국,25,일반식품,N,하이베이스,
SRC21-0436,잔탄검,(미지정),20000,오스트리아,20,일반식품,N,하이베이스,
SRC21-0437,전칠삼(개별인정형),(미지정),390000,,5,일반식품,N,,
SRC21-0438,적포도농축액,(미지정),6400,,25,일반식품,N,해찬솔(본부장님),
SRC21-0439,정제소금,(미지정),4000,,,일반식품,N,,
SRC21-0440,정제포도당,(미지정),1700,,,일반식품,N,,
SRC21-0441,주석산수소콜린,(미지정),55000,,25,일반식품,N,태성,
SRC21-0442,쥐오줌풀(발레리안),(미지정),135000,이탈리아,25,일반식품,N,,
SRC21-0443,차전자피분말,(미지정),17000,,,일반식품,N,90%,
SRC21-0444,차전자피분말,(미지정),22000,,,일반식품,N,80%,인상통보
SRC21-0445,차전자피분말,(미지정),9000,인도,,일반식품,N,하이베이스75%,
SRC21-0446,차전자피분말,(미지정),16000,인도,,일반식품,N,엘본79%,포장원문: 건식
SRC21-0447,차즈기추출분말,(미지정),16000,국산,,일반식품,N,해찬솔푸드,
SRC21-0448,차즈기추출분말,(미지정),18000,국산,,일반식품,N,엘본에이치앤비,
SRC21-0449,천마농축분말(고형분10%),(미지정),20000,,,일반식품,N,하이베이스(일반식품),규격원문: 20(100MOQ)
SRC21-0450,천마농축분말(일반),(미지정),24000,,20,일반식품,N,일본에이치앤비,
SRC21-0451,천마복합추출물(개별인정형),(미지정),350000,,10,일반식품,N,하이베이스,
SRC21-0452,철(락토바실러스불가리쿠스),(미지정),350000,미국,5,일반식품,N,10%,
SRC21-0453,철(젓산철),(미지정),29000,,25,일반식품,N,,
SRC21-0454,청포도과즙분말,(미지정),22000,미국,20,일반식품,N,하이베이스,
SRC21-0455,청포도농축분말,(미지정),15000,,,일반식품,N,해찬솔푸드,
SRC21-0457,초록잎홍합분말,(미지정),63000,,,일반식품,N,,
SRC21-0458,초유분말,(미지정),50000,미국,,일반식품,N,igG10%,
SRC21-0459,초유분말,(미지정),85000,미국,,일반식품,N,igG20%,
SRC21-0460,초코향분말,(미지정),23000,,10,일반식품,N,새롬비앤에프,
SRC21-0461,초코향분말,(미지정),30500,,10,일반식품,N,해찬솔푸드,
SRC21-0462,치자추출물,(미지정),23000,중국,,일반식품,N,,
SRC21-0463,치자추출물,(미지정),25000,국산,,일반식품,N,,
SRC21-0464,침향,개성상인,85000,,,일반식품,N,살균비포하,
SRC21-0465,침향,(미지정),140000,,,일반식품,N,살균비별도,
SRC21-0466,침향(개성상인),(미지정),85000,,,일반식품,N,,
SRC21-0467,카나우바왁스,(미지정),30000,,25,일반식품,N,최준호과장230525,
SRC21-0468,카르니틴,(미지정),50000,중국,,일반식품,N,,
SRC21-0469,카르니틴(L),(미지정),50000,중국,25,일반식품,N,,
SRC21-0470,카무카무분말,(미지정),35000,페루,10,일반식품,N,,
SRC21-0471,칼슘(구연산),(미지정),17000,미국,,일반식품,N,하이베이스(21%),
SRC21-0472,"칼슘(밀크,유청)파우더",(미지정),18000,덴마크,,일반식품,N,하이베이스,일자원문: 본부장님
SRC21-0473,"칼슘(밀크,유청)파우더",(미지정),19000,독일,,일반식품,N,하이베이스,일자원문: 본부장님
SRC21-0474,칼슘(밀크칼슘),(미지정),20000,뉴질랜드,,일반식품,N,태성(28%),
SRC21-0475,칼슘(밀크칼슘),(미지정),17000,독일,,일반식품,N,태성(27%),
SRC21-0476,"칼슘(밀크,유청)파우더",(미지정),21000,뉴질랜드,,일반식품,N,하이베이스,
SRC21-0477,칼슘(산호),(미지정),20000,미국,,일반식품,N,32%,
SRC21-0478,칼슘(산호),(미지정),24000,미국,,일반식품,N,35%,
SRC21-0479,칼슘(어골),(미지정),38000,미국,,일반식품,N,25%,
SRC21-0480,칼슘(탄산),(미지정),2500,일본,,일반식품,N,,포장원문: 40%
SRC21-0481,칼슘(해조),(미지정),9500,프랑스,,일반식품,N,,
SRC21-0482,칼슘(해조)아쿠아민,(미지정),11000,영국,,일반식품,N,,포장원문: 32%
SRC21-0483,커큐민분말,(미지정),150000,,25,일반식품,N,커큐민20%수용성,
SRC21-0484,코엔자임Q10,(미지정),850000,미국,,일반식품,N,95%,
SRC21-0485,코엔자임Q10,(미지정),830000,인도,,일반식품,N,99%,
SRC21-0486,코엔자임Q10,(미지정),770000,중국,5,일반식품,N,,
SRC21-0487,코코넛오일,(미지정),22000,필리핀,190,일반식품,N,하이베이스,
SRC21-0488,코코아분발,(미지정),9000,,25,일반식품,N,새롬비앤에프,
SRC21-0489,코코아분발,(미지정),8800,,,일반식품,N,,
SRC21-0490,콘드로이친Q(콘드로이친20%),(미지정),53000,,,일반식품,N,상어연골함량6%,
SRC21-0491,콘드로이친S(콘드로이친10%),(미지정),48000,,,일반식품,N,상어연골분말함량3%,
SRC21-0492,콜라겐(당근),(미지정),70000,,,일반식품,N,500Da 당근10%,
SRC21-0493,콜라겐(비변성2형),(미지정),7700000,일본,,일반식품,N,2형콜라겐40%,
SRC21-0494,콜라겐(어린피쉬),(미지정),36000,,,일반식품,N,1000달톤,
SRC21-0495,콜라겐(어린피쉬),(미지정),46000,캐나다,,일반식품,N,300달톤이하,
SRC21-0496,콜라겐(피쉬),(미지정),24000,대만,,일반식품,N,,
SRC21-0497,콜라겐(피쉬),(미지정),38000,베트남,,일반식품,N,300달톤,
SRC21-0498,콜라겐(피쉬),(미지정),29000,,,일반식품,N,500달톤,
SRC21-0499,콜라겐(피쉬),(미지정),28000,국산,,일반식품,N,1000달톤,
SRC21-0500,콜라겐분말,(미지정),40000,프랑스,,일반식품,N,천달톤,
SRC21-0501,콜라겐분말,(미지정),32000,이탈리아,,일반식품,N,1천~3000달톤,
SRC21-0502,콜레우스포스콜리추출물,(미지정),290000,인도,,일반식품,N,13%,
SRC21-0503,콜레우스포스콜리추출물(식품),하이베이스,20000,중국,20,일반식품,N,고형차 100%,
SRC21-0504,콜레우스포스콜리추출물(포슬린),(미지정),300000,,,건기식,Y,10~12%,500mg/day / 체지방감소도움
SRC21-0505,콤부차,(미지정),25000,,,일반식품,N,,
SRC21-0506,퀘르세틴,백중,340000,독일,5,일반식품,N,95%,부가세별도
SRC21-0507,퀘르세틴,(미지정),280000,인도,,일반식품,N,,
SRC21-0508,크레아틴,(미지정),34000,중국,25,일반식품,N,,
SRC21-0509,키토산,(미지정),45000,중국,,일반식품,N,,
SRC21-0510,타우린,(미지정),6500,중국,,일반식품,N,,
SRC21-0511,타트체리농축액,(미지정),4800,터키,265,일반식품,N,65브릭스,
SRC21-0512,타트체리농축액,(미지정),6800,터키,20,일반식품,N,65브릭스,
SRC21-0513,타트체리분말,(미지정),30000,터키,20,일반식품,N,,
SRC21-0514,탄산수소나트륨,(미지정),1650,,,일반식품,N,,
SRC21-0515,탈지대두,(미지정),2000,,,일반식품,N,하이베이스,규격원문: 원산지별 2000대
SRC21-0516,터,(미지정),30000,터키,,일반식품,N,,
SRC21-0517,테아닌,(미지정),100000,중국,,일반식품,N,,
SRC21-0519,토마토추분말,(미지정),15000,칠레,,일반식품,N,해찬솔,
SRC21-0520,토마토추출분말(건식원료)(액상),(미지정),600000,이스라엘,,일반식품,N,6%,
SRC21-0521,토마토추출분말(건식원료)(액상),(미지정),350000,인도,,일반식품,N,6%,
SRC21-0522,토코페롤(DA),(미지정),93000,프랑스,1,일반식품,N,,
SRC21-0523,토코페롤(포도씨유),(미지정),6500,스페인,18,일반식품,N,,
SRC21-0524,트리불러스,(미지정),42000,인도,25,일반식품,N,하이베이스,
SRC21-0525,트립토판,(미지정),28000,중국,,일반식품,N,,포장원문: 2022-11-08
SRC21-0526,트립토판,(미지정),260000,미국,25,일반식품,N,,
SRC21-0527,트립토판,(미지정),190000,일본,50,일반식품,N,,
SRC21-0528,파인애플추풀분말,(미지정),85000,,10,일반식품,N,,
SRC21-0529,판크레아틴,(미지정),220000,중국,,일반식품,N,,
SRC21-0530,판토텐산칼슘,(미지정),108000,영국,1,일반식품,N,하이베이스,
SRC21-0531,펙틴,(미지정),27000,,,일반식품,N,,
SRC21-0532,포도씨오일,(미지정),7000,스페인,18,일반식품,N,하이베이스,
SRC21-0533,포도씨유,(미지정),7500,스페인,,일반식품,N,태성,
SRC21-0534,포도씨유추출물,(미지정),90000,,,일반식품,N,,
SRC21-0535,포도씨유추출물,(미지정),200000,스웨덴,,일반식품,N,,
SRC21-0536,포도씨추출분말,(미지정),44000,,25,일반식품,N,선일F&C,
SRC21-0537,포스파티딜세린분말,(미지정),660000,미국,5,일반식품,N,70%,
SRC21-0538,포스파티딜세린분말,(미지정),500000,인도,,일반식품,N,70%(본부장님),일자원문: 370000 / 포장원문: 2023-06-29
SRC21-0539,폴리감마글루탐산,(미지정),400000,대만,,일반식품,N,김헤성,
SRC21-0540,표고버섯균사체,(미지정),90000,,,일반식품,N,하이베이스,규격원문: 건식원료
SRC21-0541,푸룬농축분말,(미지정),19000,,20,일반식품,N,sr-1586,
SRC21-0542,프락토올리고당,(미지정),8000,중국,,일반식품,N,,
SRC21-0543,프로테아제,(미지정),42000,,,일반식품,N,"17,000유닛/g",
SRC21-0544,프로테아제(파파인)(식물성),(미지정),50000,국산,,일반식품,N,4600PU/mg 100%,
SRC21-0545,프로폴리스,(미지정),90000,호주,,일반식품,N,8%,
SRC21-0546,프로폴리스,(미지정),420000,브라질,5,일반식품,N,8%,
SRC21-0547,프롤린,(미지정),33000,중국,25,일반식품,N,,
SRC21-0548,핑거루트 추출분말(개별인정형),(미지정),330000,,,일반식품,N,"600mg/day(자외선 피부손방 ,체지방,피부보습)",
SRC21-0549,핑커루트추출물 일반식품,(미지정),13000,중국,,일반식품,N,하이베이스,
SRC21-0550,한속단추출분말,(미지정),90000,,20,일반식품,N,hr-1883,
SRC21-0551,해송박추출물분말,(미지정),1550000,,1,일반식품,N,,
SRC21-0552,해조칼슘,(미지정),10000,,20,일반식품,N,32%,
SRC21-0553,햄프씨드분말,(미지정),30000,,,일반식품,N,,
SRC21-0554,헛개나무열매 일반분말,바이오케어,36500,국산,20,일반식품,N,,
SRC21-0555,헛개나무열매 일반분말,바이오케어,14500,중국,20,일반식품,N,,
SRC21-0556,헛개나무열매농축액,(미지정),78000,,,일반식품,N,100%,규격원문: 60브릭스
SRC21-0557,헛개나무열매 일반분말,하이베이스,23000,중국,20,일반식품,N,,
SRC21-0558,헛개나무일반분말,(미지정),15000,,,일반식품,N,,
SRC21-0559,헛개나무일반분말,(미지정),15200,국산,,일반식품,N,바이오케어,
SRC21-0560,헤마토코쿠스추출물,(미지정),1450000,독일,,일반식품,N,10%,
SRC21-0561,헤마토코코스추출물,(미지정),19000,중국,,일반식품,N,기타가공품(0.1%),
SRC21-0562,헴철,(미지정),135000,덴마크,,일반식품,N,하이베이스(불용성 1%),
SRC21-0563,헴철,(미지정),220000,덴마크,,일반식품,N,하이베이스(2%),
SRC21-0564,현미발효소분말,(미지정),53000,,10,일반식품,N,"성분: 현미81.3(국산),탈지대두분말8.13(인도),쌀겨4.065(국산),밀기울4.065,분리대두단백분말1.626,효모추출물0.814",
SRC21-0565,호로파추출분말,(미지정),29000,중국,20,일반식품,N,,
SRC21-0566,혼합탈지분유,(미지정),7200,,25,일반식품,N,,
SRC21-0567,홉스 추출물분말,(미지정),110000,독일,30,일반식품,N,,
SRC21-0568,홍경천추출물,(미지정),380000,이탈리아,,일반식품,N,2%,
SRC21-0569,홍국,(미지정),170000,미국,5,일반식품,N,태성 모나콜린3%,
SRC21-0570,홍국,(미지정),270000,인도,25,일반식품,N,모나콜린5%,
SRC21-0571,홍삼농축액,(미지정),170000,,20,일반식품,N,4년근 4mg,
SRC21-0572,홍삼농축액(6년근),(미지정),210000,,20,일반식품,N,현대바이오랜드,
SRC21-0573,홍삼농축액분말(4년근),(미지정),310000,,5,일반식품,N,현대바이오랜드,
SRC21-0574,홍삼농축액분말(6년근),(미지정),330000,,5,일반식품,N,현대바이오랜드,
SRC21-0575,홍삼엑기스(HCS-7130),(미지정),9000,,20,일반식품,N,"해찬솔(저당,홍삼농축액(홍삼100%국산)5%",
SRC21-0576,홍차추출분말(얼그레이),(미지정),16000,스리랑카,20,일반식품,N,,
SRC21-0577,홍차추출분말(우바),(미지정),45000,스리랑카,20,일반식품,N,,
SRC21-0578,홍화씨분말,(미지정),18000,국산,20,일반식품,N,,
SRC21-0579,화이트토마토추출농축분말,(미지정),340000,미국,5,일반식품,N,하이베이스,
SRC21-0580,활성엽산,(미지정),27500,이탈리아,300,일반식품,N,g단위 엽산54%,
SRC21-0581,회화나무열매추출분말,(미지정),160000,인도,25,일반식품,N,하이베이스(건기식),
SRC21-0582,회화나무열매추출분말,(미지정),15000,중국,25,일반식품,N,하이베이스,
SRC21-0583,회화나무열매추출분말,(미지정),140000,인도,,일반식품,N,하이베이스,포장원문: 건식원료25
SRC21-0584,회화나무추출분말,(미지정),110000,인도,25,일반식품,N,10%,
SRC21-0585,효모추출물(L-글루타치온50%),(미지정),210000,중국,20,일반식품,N,태성,
SRC21-0586,효소분말(15곡),(미지정),60000,,,일반식품,N,,
SRC21-0587,효소분말(6곡),(미지정),55000,,,일반식품,N,,
SRC21-0588,효소분말(현미),(미지정),60000,,2.5,일반식품,N,,
SRC21-0589,효소분말(현미),(미지정),52000,,,일반식품,N,,
SRC21-0590,효소처리스테비아,(미지정),44000,,,일반식품,N,,
SRC21-0591,후코이단,(미지정),600000,중국,,일반식품,N,,
SRC21-0592,후코이단(혜원),(미지정),600000,국산,,일반식품,N,,
SRC21-0593,훅마늘분말(열풍건조),(미지정),66000,,20,일반식품,N,100%,
SRC21-0594,흑마늘추출분말,(미지정),30000,,20,일반식품,N,,
SRC21-0595,흰강낭콩추출분말,(미지정),15000,캐나다,60,일반식품,N,해찬솔푸드,
SRC21-0596,흰강낭콩추출분말,(미지정),45000,인도,25,일반식품,N,하이베이스,
SRC21-0597,히비스커스추출분말,(미지정),80000,독일,10,일반식품,N,,
SRC21-0598,히알루론산,(미지정),440000,미국,10,일반식품,N,(23/05/03)90%,
SRC21-0599,히알루론산,(미지정),370000,미국,10,일반식품,N,98%,
SRC21-0600,히알루론산,(미지정),275000,중국,1,일반식품,N,100%,
SRC21-0601,히알루론산혼합제제,(미지정),140000,,,일반식품,N,10%(히알루론산)+90%덱스트린,
SRC21-0602,흰점박이꽃무지(굼뱅이)건조 분말,(미지정),250000,국산,5,일반식품,N,서호상사(열풍건조/소환용),
SRC21-0603,흰점박이꽃무지(굼뱅이)건조 분말,(미지정),450000,국산,,일반식품,N,서호상사(동결건조/분말용),
SRC21-0609,L-아스파라긴분말,(미지정),53000,중국,10,일반식품,N,,
SRC21-0610,L-이소로이신,(미지정),21000,중국,25,일반식품,N,태성,
SRC21-0612,L-티로신,(미지정),37000,,,일반식품,N,,
SRC21-0614,WPH,(미지정),23000,,,일반식품,N,하이베이스,
SRC21-0619,분리대두단백질,(미지정),9000,미국,20,일반식품,N,,
SRC21-0620,분리대두단백질,(미지정),6300,인도,20,일반식품,N,담원인터네셔날,
SRC21-0621,분리대두단백질,(미지정),7500,싱가포르,20,일반식품,N,담원인터네셔날,
SRC21-0622,분리우유단백질,(미지정),14500,덴마크,25,일반식품,N,,
SRC21-0623,분리유단백질(MPI),(미지정),22000,프랑스,20,일반식품,N,담원인터네셔날,
SRC21-0624,산양유농축단백질,(미지정),30000,,15,일반식품,N,,
SRC21-0625,산양유단백분말,(미지정),38000,네덜란드,15,일반식품,N,담원인터네셔날,
SRC21-0626,유청농축단백질(WPC),(미지정),17000,미국,20,일반식품,N,,
SRC21-0627,유청분리단백질(WPI),(미지정),27000,미국,,일반식품,N,일반,
SRC21-0628,유청분리단백질(WPI),(미지정),29000,네덜란드,,일반식품,N,자연방복인증,
SRC21-0629,가수분해유청단백(WPH),(미지정),23000,미국,,일반식품,N,하이베이스,
SRC21-0630,초유단백분말,(미지정),9000,네덜란드,20,일반식품,N,,
SRC21-0631,카르니틴(L),원아,37000,중국,25,일반식품,N,,부가세별도
SRC21-0636,히스티딘,(미지정),110000,중국,25,일반식품,N,,
SRC21-0639,가시오가피추출분말,(미지정),30000,국산,20,일반식품,N,고형분20%,
SRC21-0640,가자추출물,(미지정),980000,호주,1,일반식품,N,하이베이스,
SRC21-0641,갈근농축액,(미지정),30000,,,일반식품,N,,
SRC21-0642,갈근분말,(미지정),14000,중국,10,일반식품,N,바이오케어,
SRC21-0643,갈근분말,(미지정),12000,중국,,일반식품,N,엘본에이치앤비,
SRC21-0644,감초분말,(미지정),14000,,,일반식품,N,,
SRC21-0645,감초분말,(미지정),15000,우즈베키스탄,20,일반식품,N,,
SRC21-0646,건강추출물,(미지정),30000,중국,,일반식품,N,,
SRC21-0647,검은콩분말,(미지정),26000,,40,일반식품,N,,
SRC21-0648,결명자분말,(미지정),10500,중국,,일반식품,N,엘본에이치앤비,
SRC21-0649,결명자분말,(미지정),12000,인도,,일반식품,N,바이오케어,
SRC21-0650,계피추출분말,(미지정),26000,베트남,20,일반식품,N,하이베이스(고형분20%),
SRC21-0651,계피추출분말,(미지정),16000,베트남,20,일반식품,N,하이베이스(고형분2%),
SRC21-0652,계피추출분말,(미지정),15500,,,일반식품,N,해찬솔푸드,
SRC21-0653,곽향추출분말,(미지정),35000,중국,100,일반식품,N,하이베이스,
SRC21-0654,구기자농축액,(미지정),28000,국산,,일반식품,N,해찬솔푸드,
SRC21-0655,구기자분말,(미지정),65000,,20,일반식품,N,,
SRC21-0656,구기자추출분말,(미지정),30000,,20,일반식품,N,해찬솔푸드,
SRC21-0657,구기자추출분말,(미지정),35000,,20,일반식품,N,하이베이스,
SRC21-0658,구기자추출분말,(미지정),29700,,20,일반식품,N,선일에프앤씨,
SRC21-0660,구절초추출분말,(미지정),18000,,20,일반식품,N,하이베이스,
SRC21-0661,그린커피빈추출분말,(미지정),25000,인도,25,일반식품,N,엔바이오텍(기타가공품)클루겐산5%,
SRC21-0662,녹각추출분말,(미지정),100000,수입,20,일반식품,N,,
SRC21-0663,녹차분말,(미지정),26000,국산,,일반식품,N,엘본에이치앤비,
SRC21-0664,녹차분말,(미지정),22000,국산,,일반식품,N,바이오케어,
SRC21-0665,다시마분말(엑기스),(미지정),10000,,20,일반식품,N,새롬비엔에프,
SRC21-0666,다시마분말,(미지정),24000,국산,10,일반식품,N,바이오케어,
SRC21-0667,단삼분말,(미지정),19000,중국,,일반식품,N,엘본에이치앤비,
SRC21-0668,단삼분말,(미지정),21000,중국,,일반식품,N,바이오케어,
SRC21-0669,단호박추출분말,(미지정),15000,,,일반식품,N,해찬솔푸드,
SRC21-0670,당귀추출분말,(미지정),24000,,20,일반식품,N,,
SRC21-0671,대추농축액,(미지정),20000,국산,25,일반식품,N,65brix,
SRC21-0672,대추야자추출분말,(미지정),25000,이란,20,일반식품,N,하이베이스,
SRC21-0673,더덕분말,(미지정),37000,국산,10,일반식품,N,바이오케어,
SRC21-0674,돼지감자분말,(미지정),18000,,,일반식품,N,새롬비엔에프,
SRC21-0675,돼지감자분말,(미지정),23500,,10,일반식품,N,바이오케어,
SRC21-0676,두충분말,(미지정),15000,국산,20,일반식품,N,MOQ100kg,
SRC21-0677,두충추출분말고형분30%,(미지정),40000,국산,20,일반식품,N,,
SRC21-0679,라임농축액,(미지정),12000,,20,일반식품,N,새롬비엔에프,
SRC21-0680,레몬농축액,(미지정),13000,,,일반식품,N,새롬비엔에프,
SRC21-0681,레몬농축액,(미지정),12000,이스라엘,25,일반식품,N,하이베이스,
SRC21-0682,레몬농축액,(미지정),11000,,,일반식품,N,해찬솔푸드,
SRC21-0683,링콘베리주스분말,(미지정),32000,핀란드,20,일반식품,N,,
SRC21-0684,마인분말(화마인),(미지정),16000,,,일반식품,N,바이오케어,
SRC21-0685,마추출분말,(미지정),23000,국산,,일반식품,N,해찬솔푸드,
SRC21-0686,마추출분말,(미지정),29000,국산,20,일반식품,N,하이베이스,
SRC21-0688,매실추출물분말,(미지정),17000,국산,20,일반식품,N,해찬솔푸드,
SRC21-0689,맥문동분말,(미지정),33000,중국,10,일반식품,N,바이오케어,
SRC21-0692,민들레(포공영)일반분말,(미지정),32000,국산,20,일반식품,N,바이오케어,
SRC21-0693,민들레(포공영)일반분말,(미지정),19000,중국,20,일반식품,N,바이오케어,
SRC21-0694,민들레추출분말,(미지정),24000,중국,20,일반식품,N,하이베이스,
SRC21-0695,바나나 엑기스분말,(미지정),18000,필리핀,,일반식품,N,해찬솔푸드,
SRC21-0696,발아현미분말,(미지정),6000,국산,20,일반식품,N,하이베이스,
SRC21-0697,발아현미분말,(미지정),15500,,,일반식품,N,바이오케어,
SRC21-0698,발효구기자추출분말,(미지정),32000,국산,,일반식품,N,해찬솔푸드,
SRC21-0699,백복령분말,(미지정),61000,,20,일반식품,N,하이베이스,
SRC21-0700,백복령추출분말,(미지정),48000,중국,20,일반식품,N,,
SRC21-0701,백수오추출분말,(미지정),43000,,20,일반식품,N,하이베이스,
SRC21-0702,백작약추출분말,(미지정),20000,,20,일반식품,N,고형분30%,
SRC21-0703,보리분말,(미지정),11000,,40,일반식품,N,,
SRC21-0704,보이차,(미지정),17000,중국,25,일반식품,N,태성,
SRC21-0705,보이차추출분말,(미지정),17000,중국,25,일반식품,N,태성,
SRC21-0706,복령분말,(미지정),22000,중국,,일반식품,N,엘본에이치앤비,
SRC21-0708,복숭아농축액,(미지정),9500,이스라엘,,일반식품,N,해찬솔푸드,
SRC21-0709,복숭아농출분말,(미지정),15000,이스라엘,,일반식품,N,해찬솔푸드,
SRC21-0710,복합황금추출물,(미지정),51000,국산,10,일반식품,N,,
SRC21-0711,뽕나무가지분말,(미지정),13000,,10,일반식품,N,바이오케어,
SRC21-0712,뽕나무잎분말,(미지정),20500,,10,일반식품,N,바이오케어,
SRC21-0713,사철쑥 분말,(미지정),14400,,20,일반식품,N,바이오케어,
SRC21-0715,산수유추출분말,(미지정),32000,,20,일반식품,N,,
SRC21-0718,산약분말,(미지정),24000,,,일반식품,N,,
SRC21-0720,산약분말,(미지정),26000,중국,,일반식품,N,엘본에이치앤비,
SRC21-0721,산약분말,(미지정),27500,중국,,일반식품,N,바이오케어,
SRC21-0722,산약추출분말,(미지정),22000,국산,20,일반식품,N,,
SRC21-0723,삽주뿌리분말,(미지정),14400,,20,일반식품,N,바이오케어,
SRC21-0724,생강추출물,(미지정),28000,국산,,일반식품,N,,
SRC21-0725,생강추출물분말,(미지정),40000,,20,일반식품,N,새롬비엔에프,
SRC21-0726,서리태분말,(미지정),19000,,,일반식품,N,볶음 살균처리,
SRC21-0727,서양산사자추출분말,(미지정),70000,이탈리아,25,일반식품,N,,
SRC21-0730,솔잎분말,(미지정),20000,,10,일반식품,N,바이오케어,
SRC21-0731,수국잎열수추출물,(미지정),50000,국산,,일반식품,N,해찬솔푸드,
SRC21-0732,수세미추출물분말,(미지정),20000,,20,일반식품,N,하이베이스,
SRC21-0733,숙지황농축액,(미지정),20000,중국,20,일반식품,N,,
SRC21-0734,숙지황분말,(미지정),75000,국산,,일반식품,N,하이베이스,
SRC21-0735,숙지황분말,(미지정),29000,중국,,일반식품,N,바이오케어,
SRC21-0736,숙지황엑기스,(미지정),75000,국산,20,일반식품,N,60brix,
SRC21-0737,숙지황추출분말,(미지정),38000,국산,20,일반식품,N,,
SRC21-0738,쌀겨추출물 분말,(미지정),15000,,20,일반식품,N,해찬솔푸드,
SRC21-0739,아스파라거스추출분말,(미지정),65000,페루/멕시코/호주,20,일반식품,N,하이베이스,
SRC21-0740,알로에베라추출분말일반식품,(미지정),57000,중국,10,일반식품,N,태성(미국 100:1),
SRC21-0741,오미자추출분말,(미지정),34000,,10,일반식품,N,바이오케어,
SRC21-0742,연자육추출분말,(미지정),31000,국산,20,일반식품,N,하이베이스,
SRC21-0743,오렌지농축분말,(미지정),15000,,20,일반식품,N,해찬솔푸드,
SRC21-0744,오렌지농축분말,(미지정),18000,브라질,20,일반식품,N,하이베이스,
SRC21-0745,오렌지농축액,(미지정),11000,미국,25,일반식품,N,하이베이스,
SRC21-0746,오미자추출분말,(미지정),19000,,20,일반식품,N,,
SRC21-0747,와일드망고종자추출분말,(미지정),38000,미국,,일반식품,N,엘본에이치앤비,
SRC21-0748,와일드망고추출분말,(미지정),32000,미국,,일반식품,N,하이베이스,
SRC21-0750,용안육분말,(미지정),28600,중국/베트남,20,일반식품,N,바이오케어(30%,
SRC21-0751,우슬분말(쇠무릎),(미지정),27500,,,일반식품,N,,
SRC21-0752,울금분말,(미지정),9000,,,일반식품,N,,
SRC21-0754,울금분말,(미지정),10500,인도네시아,,일반식품,N,엘본에이치앤비,
SRC21-0755,울금분말,(미지정),13000,인도,,일반식품,N,바이오케어,
SRC21-0756,율무분말,(미지정),22000,,20,일반식품,N,하이베이스,
SRC21-0757,율무분말,(미지정),29000,,,일반식품,N,엘본에이치앤비,
SRC21-0758,의이인분말,(미지정),15000,,,일반식품,N,하이베이스,
SRC21-0759,의이인분말,(미지정),30000,,,일반식품,N,엘본에이치앤비,
SRC21-0760,적소두분말,(미지정),22000,,,일반식품,N,엘본에이치앤비,
SRC21-0761,적소두분말,(미지정),20000,,,일반식품,N,바이오케어,
SRC21-0762,적소두분말,(미지정),18000,,,일반식품,N,하이베이스,
SRC21-0763,정향추출분말,(미지정),31000,인도네시아,20,일반식품,N,하이베이스,
SRC21-0764,진피엑시스분말,(미지정),23000,,,일반식품,N,해찬솔푸드,
SRC21-0765,진피추출분말,(미지정),21000,국산,20,일반식품,N,하이베이스(고형분 50%),
SRC21-0766,차가버섯분말,(미지정),30000,,10,일반식품,N,바이오케어,
SRC21-0767,차전자파분말,(미지정),9000,,,일반식품,N,,
SRC21-0768,천궁추출물,(미지정),33000,국산,20,일반식품,N,하이베이스,
SRC21-0769,함초분말,(미지정),20500,국산,20,일반식품,N,바이오케어,
SRC21-0770,황기추출물,(미지정),23000,국산,,일반식품,N,,
SRC21-0771,흑하랑,(미지정),50000,,,일반식품,N,,
SRC21-0772,황금분말,(미지정),14500,중국,,일반식품,N,바이오케어,
SRC21-0773,황금추출분말,(미지정),30000,,,일반식품,N,바이오케어,
SRC21-0774,어성초일반분말,(미지정),17000,국산,,일반식품,N,바이오케어,
SRC21-0775,어성초일반분말,(미지정),8200,중국,,일반식품,N,바이오케어,
SRC21-0776,어성초추출분말,(미지정),50000,국산,,일반식품,N,엘본에이치앤비,
SRC21-0777,어성초추출분말,(미지정),16000,중국,,일반식품,N,하이베이스,
SRC21-0778,모과농축액(65브릭스),(미지정),13000,,,일반식품,N,해찬솔푸드,
SRC21-0779,모과농축액(65브릭스),(미지정),15000,,,일반식품,N,새롬비앤에프,
SRC21-0780,모과농축액(65브릭스),(미지정),25500,,,일반식품,N,하이베이스,규격원문: 모과9%+정제수91%
SRC21-0781,모과농축액(60브릭스)100%,(미지정),15000,,,일반식품,N,하이베이스,규격원문: 모과90%+저감미당10%
SRC21-0782,유근피,(미지정),50000,,,일반식품,N,김혜성대리,
SRC21-0783,배농축액,(미지정),8500,,,일반식품,N,해찬솔푸드,
SRC21-0784,배농축액,(미지정),5200,,,일반식품,N,해찬솔푸드,
SRC21-0785,생강농축액,(미지정),53000,,,일반식품,N,해찬솔푸드,규격원문: 생강100%
SRC21-0786,생강농축액,(미지정),9500,,,일반식품,N,해찬솔푸드,규격원문: 당타입
SRC21-0787,곰보배추분말(일반),(미지정),50000,국산,20,일반식품,N,하이베이스,
SRC21-0788,엘더베리(착즙)농축액(65브릭스),(미지정),36000,오스트리아,25,일반식품,N,하이베이스,
SRC21-0789,엘더베리추출분말(32:1),(미지정),300000,독일,6,일반식품,N,하이베이스,
SRC21-0790,숙지황추출분말,(미지정),40000,,,일반식품,N,하이베이스,포장원문: ?
SRC21-0791,백하수오추출분말,(미지정),60000,,100,일반식품,N,하이베이스,
SRC21-0792,적하수오추출분말,(미지정),60000,,100,일반식품,N,하이베이스,
SRC21-0793,사인분말,(미지정),23000,베트남,10,일반식품,N,바이오케어,
SRC21-0794,사인추출분말,(미지정),25000,,,일반식품,N,새롬비앤에프,
SRC21-0795,참당귀추출물,(미지정),24000,,20,일반식품,N,하이베이스고형분6%,
SRC21-0796,마분말(살균),(미지정),25000,,20,일반식품,N,박대표,
SRC21-0801,감태추출물,유트라,787500,국산,20,일반식품,N,500mg/day,"구분원문: 78,000정"
SRC21-0802,석류추출물,(미지정),200000,,20,일반식품,N,1500mg/day,일자원문: 갱년기여성의 건강에 도움
SRC21-0803,까마귀쪽나무열매주정추출물,(미지정),800000,,20,일반식품,N,200mg/day,
SRC21-0804,칸달로프멜론추출물,(미지정),800000,,20,일반식품,N,500~1000iu/day,
SRC21-0805,초록입홍합추출오일복합물,(미지정),1000000,,20,건기식,Y,620mg/day,
SRC21-0806,헛개나무병추출분말,(미지정),80000,,20,건기식,Y,2460mg/day,개별인정형 / 퀘르세틴7.4mcg/g
SRC21-0807,작약추출물등복합물,(미지정),360000,,25,일반식품,N,700mg/day,
SRC21-0808,돌외잎주정추출분말,(미지정),370000,,100,일반식품,N,450mg/day,기록원문: 체지방감소에 도움을 줄 수 있음
SRC21-0809,레몬 밤 추출물,(미지정),150000,,100,일반식품,N,"1,380mg/일",구분원문: 정제갯수혹은 분말 혹은 액상스틱
SRC21-0811,그린커피빈,(미지정),700000,,25,일반식품,N,400mg/일,
SRC21-0812,핑거루트추출분말,(미지정),300000,,10,일반식품,N,600mg/day,기록원문: 자외선에의한 피부손상으로부터 피부 건강을 유지하는데 도움을 줄수 있슴.
SRC21-0815,나토배양물,(미지정),680000,,,일반식품,N,133mg/day,
SRC21-0816,Tf-343(미세초),(미지정),250000,,,일반식품,N,240mg/day,
SRC21-0818,항비만 유산균,(미지정),700000,,,일반식품,N,2200억/cfg,
SRC21-0819,코넘,상상바이오,200000,,,일반식품,N,,
SRC21-0821,"Lactobacillus subtillus 고초균, 당화균",메디오젠,55000,,5,일반식품,N,"균주 관련 제품만 취급
 - g당 10억",
SRC21-0822,"MBP (milk based protain)
유단백추출물",담원인터내셔널,26000,,,일반식품,N,유단백추출물 제품 중 국내 제품들은 원료성이 아닌 완제품 형태 밖에 없음. 해외는 MBP 유단백추출물로 수입되는 제품이 없음. MBP를 사용했다간 아무래도 개별인정형 업체에서 클레임을 제기할 수도 있을 가능성이 있음,
SRC21-0823,수세미 추출물 분말,하이베이스,20000,국산,,일반식품,N,국산,
SRC21-0824,생강추출물 분말,새롬비앤에프,40000,,,일반식품,N,,
SRC21-0826,라임농축액,해찬솔,13500,,,일반식품,N,1패킹 가능,
SRC21-0827,라임농축액,새롬비앤에프,12000,,,일반식품,N,,
SRC21-0829,레몬농축액,새롬비앤에프,13000,,,일반식품,N,,
SRC21-0830,레몬농축액,하이베이스,12000,이스라엘,,일반식품,N,,
SRC21-0832,뽕나무잎분말,바이오케어,20500,국산,,일반식품,N,,포장원문: 10Kg 이상
SRC21-0834,돼지감자분말,새롬비앤에프,18000,,,일반식품,N,,
SRC21-0835,돼지감자분말,바이오케어,23500,국산,,일반식품,N,,포장원문: 10Kg 이상
SRC21-0837,여주분말,바이오케어,34000,국산,,일반식품,N,,포장원문: 10Kg 이상
SRC21-0839,갈근분말,바이오케어,14000,중국,,일반식품,N,,포장원문: 10Kg 이상
SRC21-0841,칡농축분말,새롬비앤에프,25000,,,일반식품,N,갈근분말 미보유,
SRC21-0842,더덕분말,바이오케어,37000,국산,,일반식품,N,,포장원문: 10Kg 이상
SRC21-0843,맥문동분말,바이오케어,33000,중국,,일반식품,N,단독분말,포장원문: 10Kg 이상
SRC21-0845,뽕나무가지분말,바이오케어,13000,국산,,일반식품,N,,포장원문: 10Kg 이상
SRC21-0846,솔잎분말,바이오케어,20000,국산,,일반식품,N,,포장원문: 10Kg 이상
SRC21-0847,차가버섯분말,바이오케어,30000,러시아,,일반식품,N,단독분말,포장원문: 10Kg 이상
SRC21-0849,산약분말,바이오케어,25000,중국,,일반식품,N,,포장원문: 10Kg 이상
SRC21-0852,구아바잎분말,바이오케어,16000,인도네시아,,일반식품,N,,포장원문: 10Kg 이상
SRC21-0853,숙지황분말,바이오케어,32000,중국,,일반식품,N,단독분말,포장원문: 10Kg 이상
SRC21-0855,산수유분말,바이오케어,33000,중국,,일반식품,N,,포장원문: 10Kg 이상
SRC21-0856,산수유분말,새롬비앤에프,35000,,,일반식품,N,,
SRC21-0857,쇠무릎분말,해찬솔,27500,중국,,일반식품,N,,
SRC21-0859,오미자분말,새롬비앤에프,25000,,,일반식품,N,,
SRC21-0860,오미자분말,바이오케어,38000,중국,,일반식품,N,,
SRC21-0862,밀라타리스동충하초,바이오케어,55000,국산,,일반식품,N,,포장원문: 10Kg 이상
SRC21-0863,연씨분말,바이오케어,15000,베트남,,일반식품,N,,포장원문: 10Kg 이상
SRC21-0865,큰꽃삽주분말,바이오케어,27000,중국,,일반식품,N,,포장원문: 10Kg 이상
SRC21-0867,사인분말,바이오케어,23000,베트남,,일반식품,N,,포장원문: 10Kg 이상
SRC21-0868,사인추출분말,새롬비앤에프,25000,,,일반식품,N,사인추출분말 임,
SRC21-0869,다시마분말,바이오케어,24000,국산,,일반식품,N,,포장원문: 10Kg 이상
SRC21-0871,다시마엑기스분말,새롬비앤에프,10000,,,일반식품,N,다시마엑기스분말,
SRC21-0873,블루베리 추출분말,해찬솔,15000,미국,,일반식품,N,,포장원문: 20kg 가능
SRC21-0874,모링가 추출물,해찬솔,15000,인도네시아,,일반식품,N,,포장원문: 60kg 이상
SRC21-0876,"블루베리농축분말
(cos10817)",엘본에이치앤비,24000,,20,일반식품,N,,
SRC21-0879,블루베리 농축분말,새롬비앤에프,23000,,,일반식품,N,,
SRC21-0880,모링가 추출분말,새롬비앤에프,21000,,,일반식품,N,,
SRC21-0884,레몬농축액,해찬솔,11000,이스라엘,,일반식품,N,,
SRC21-0885,블루베리농축액,해찬솔,12000,미국,,일반식품,N,,
SRC21-0886,바나나 엑기스분말,해찬솔,18000,필리핀,,일반식품,N,,
SRC21-0887,호박 추출분말,해찬솔,15500,국산,,일반식품,N,,
SRC21-0888,단호박추출분말,해찬솔,15000,국산,,일반식품,N,,
SRC21-0889,판크레아틴,담원인터내셔널,220000,중국,25,일반식품,N,식품첨가물,
SRC21-0890,MBP유단백추출물,담원인터내셔널,26000,국산,20,일반식품,N,기타가공품,
SRC21-0893,글루코사민 염산염,엘본에이치앤비,19000,중국,25,일반식품,N,,
SRC21-0894,글루코사민 황산염,엘본에이치앤비,20000,중국,25,일반식품,N,,
SRC21-0897,소나무껍질추출분말,엘본에이치앤비,1600000,뉴질랜드,,일반식품,N,"소나무껍질 기타가공품 제품 중 
  중국산제품은 공급이어렵다고 합니다 
(자사에서 사용할 만큼만 수입한다고 합니다)",
SRC21-0898,구아바잎분말,엘본에이치앤비,65000,국산,40,일반식품,N,"구아바는 수급불안정해서 
   현재 5KG 만 가능",
SRC21-0899,구아바잎분말,바이오케어,15000,,,일반식품,N,,
SRC21-0908,유기농여주분말,(영)한국유기농건강체험촌,40000,,,일반식품,N,이주옥실장010-7300-1088,포장원문: 5Kg~10kg
SRC21-0909,리소짐(리소자임) 분말,하이베이스,220000,이탈리아,10,일반식품,N,,
SRC21-0910,리소짐(리소자임) 분말,하이베이스,260000,네덜란드,5,일반식품,N,,
SRC21-0911,리소짐(리소자임) 분말,엘본에이치앤비,220000,이탈리아,10,일반식품,N,,
SRC21-0913,망고스틴농축분말,해찬솔,22000,대만,60,일반식품,N,,
SRC21-0914,매실 추출분말,해찬솔,17000,국산,20,일반식품,N,,
SRC21-0915,매실 추출분말,새롬비앤에프,19000,국산,20,일반식품,N,새롬 매실만 있음,
SRC21-0916,매실 추출분말,하이베이스,18000,,20,일반식품,N,,
SRC21-0917,L-트레오닌(아미노산)분말,하이베이스,8500,중국,25,일반식품,N,,
SRC21-0918,L-라이신(아미노산)분말,하이베이스,7500,중국,25,일반식품,N,,
SRC21-0919,L-글리신,하이베이스,8000,국산,25,일반식품,N,L-라이신과 다른원료,
SRC21-0920,코코아분말,새롬비앤에프,9000,,25,일반식품,N,해찬솔 코코아분말 없음,
SRC21-0921,초코향분말,새롬비앤에프,23000,,10,일반식품,N,취급중인지 재확인 필요함,
SRC21-0922,초코향분말,해찬솔,30500,,10,일반식품,N,향분말은 원산지 따로 없음,
SRC21-0924,마리골드꽃추출분말 (루테인분말) 10%,미래바이오텍,132000,인도,10,일반식품,N,유통기한 23.03.18.               **다음 패치 단가인상예정,
SRC21-0925,마리골드꽃추출물 (루테인오일) 20%,미래바이오텍,140000,인도,5,일반식품,N,,
SRC21-0926,마리골드꽃추출물 (루테인오일) 20%,엘본에이치앤비,130000,,25,일반식품,N,환율때문에 비쌈 / 환율 떨어지면 가격 인하예정,
SRC21-0928,천마농축분말(일반),엘본에이치앤비,24000,,,일반식품,N,,
SRC21-0929,천마복합추출물(개별인증원료),하이베이스,350000,국산,,일반식품,N,,
SRC21-0930,천마농축분말(고형분10%),하이베이스,20000,국산,100,일반식품,N,일반식품,
SRC21-0931,상어연골분말,엘본에이치앤비,47000,,,일반식품,N,,
SRC21-0932,상어연골,하이베이스,48000,호주,,일반식품,N,,
SRC21-0933,상어연골,하이베이스,35000,중국,25,일반식품,N,,
SRC21-0934,백수오추출분말,하이베이스,43000,국산,20,일반식품,N,"100kg 이상 구매시                 40,000원/kg",
SRC21-0935,오렌지농축분말,해찬솔,15000,,,일반식품,N,,
SRC21-0936,오렌지농축분말,새롬비앤에프,15000,,,일반식품,N,,
SRC21-0937,오렌지농축분말,하이베이스,18000,브라질,,일반식품,N,,
SRC21-0938,풋사과농축분말,해찬솔,14000,,,일반식품,N,,
SRC21-0939,청사과농축분말,새롬비앤에프,15000,,,일반식품,N,,
SRC21-0940,청(풋)사과추출분말,하이베이스,19000,중국,,일반식품,N,,
SRC21-0941,와일드망고추출분말,하이베이스,32000,미국,,일반식품,N,해찬솔 현재 없음,
SRC21-0942,와일드망고종자추출분말,엘본에이치앤비,38000,미국,,일반식품,N,국내 유통되는제품은 [종자추출물]임,
SRC21-0943,비타민 미네랄믹스,하이베이스,27000,국산,,일반식품,N,전 원료 부가세 별도,
SRC21-0944,쏘팔메토추출분말,담원인터내셔널,150000,인도,,일반식품,N,22%,
SRC21-0945,말토덱스트린,해찬솔,1800,중국,,일반식품,N,,
SRC21-0946,말토덱스트린,하이베이스,2400,국산,,일반식품,N,,
SRC21-0947,말토덱스트린,태성,2280,국산,,일반식품,N,,
SRC21-0948,로즈힙추출분말,해찬솔,20000,칠레,,일반식품,N,,
SRC21-0949,로즈힙추출분말,하이베이스,60000,인도,,일반식품,N,,
SRC21-0950,유기농로즈힙추출분말,태성,38000,폴란드,,일반식품,N,,
SRC21-0951,유자과즙분말,해찬솔,29000,국산,,일반식품,N,,
SRC21-0952,유자과즙분말,하이베이스,28000,국산,,일반식품,N,,
SRC21-0953,세븐베리추출분말,해찬솔,25000,혼합,,일반식품,N,,
SRC21-0954,세븐베리농축액분말,하이베이스,34000,수입,,일반식품,N,,
SRC21-0955,세븐베리농축액분말,태성,30000,네덜란드,,일반식품,N,,
SRC21-0956,공액리놀렌산(CLA) 오일,하이베이스,45000,네덜란드,,일반식품,N,오일 74%이상,
SRC21-0957,공액리놀렌산(CLA) 오일,태성,55000,네덜란드,,일반식품,N,,
SRC21-0958,공액리놀렌산(CLA) 분말,하이베이스,65000,네덜란드,,일반식품,N,540~620mg/g,
SRC21-0959,공액리놀렌산(CLA) 분말,태성,65000,네널란드,,일반식품,N,,
SRC21-0960,쇠뜨기추출분말,태성,42000,국산,,일반식품,N,하이베이스 없음,
SRC21-0961,홉수추출물분말,하이베이스,110000,독일,,일반식품,N,해찬솔없음,
SRC21-0962,홉스추출물분말,태성,115000,독일,,일반식품,N,,
SRC21-0964,27종 과일야채혼합농축분말,해찬솔,23000,국산,,일반식품,N,,
SRC21-0965,20종 야채혼합농축분말,해찬솔,17000,,,일반식품,N,,
SRC21-0966,과일야채혼합분말,하이베이스,84000,미국,,일반식품,N,,
SRC21-0967,식물혼합추출물,하이베이스,48000,국산.중국,,일반식품,N,,
SRC21-0968,자당지방산에스테르S-370,하이베이스,34000,일본,,일반식품,N,,
SRC21-0970,동결건조 녹색입홍합 분말,태성,65000,뉴질랜드,,일반식품,N,,
SRC21-0971,동물성 알티지 오메가3,하이베이스,21500,노르웨이,,일반식품,N,"정제어유50%(VivoMega 3322EE), EPA33/DHA22",
SRC21-0972,동물성 알티지 오메가3,하이베이스,82000,노르웨이,,일반식품,N,"정제어유 rTG 70%, EPA40%+DHA30%",
SRC21-0973,동물성 알티지 오메가3,하이베이스,46000,네덜란드,,일반식품,N,가공정제어유분말7%(DHA6%+EPA1%),
SRC21-0974,동물성 알티지 오메가3,하이베이스,65000,독일,,일반식품,N,"정제어유함유분말10%(DHA10%),",
SRC21-0975,동물성 알티지 오메가3,태성,90000,네덜란드,,일반식품,N,동물성 알티지오메가3 70%,
SRC21-0977,밀크칼슘(유청칼슘)파우더,하이베이스,18000,덴마크,,일반식품,N,,
SRC21-0980,상어연골분말,하이베이스,95000,미국,,일반식품,N,황산콘드로이친함량 40%,
SRC21-0981,Bacillus subtillis (당화균A),메디오젠,45000,,5,일반식품,N,균주 제품/ 이전 고초균은 사료용/ 견적서 받음,
SRC21-0984,쌀겨추출물 분말,해찬솔,15000,국산,,일반식품,N,,
SRC21-0985,쌀겨추출분말RB40,하이베이스,230000,국산,,일반식품,N,"성분배합비:쌀겨추출물10+,덱스트린50%+효소처리글루타민산G40%",
SRC21-0986,쌀겨추출분말RB40,선일에프앤씨,236000,국산,1,일반식품,N,,
SRC21-0987,옥수수단백추출물 분말,하이베이스,150000,미국,,일반식품,N,,
SRC21-0988,옥수수단백추출물 분말,선일에프앤씨,134000,미국(Zein),,일반식품,N,,
SRC21-0989,옥수수추출분말,해찬솔,15000,국산,,일반식품,N,,
SRC21-0990,옥수수수염추출분말,해찬솔,25000,국산,,일반식품,N,,
SRC21-0991,연어코연골분말,선일에프앤씨,7300000,일본,1,일반식품,N,,
SRC21-0992,이노시톨,하이베이스,75000,미국,,일반식품,N,해찬솔없음,
SRC21-0993,미오이노시톨,선일에프앤씨,52000,중국,1,일반식품,N,일반적으로 이노시톨과 미오이놀시톨 동일하게 취급,
SRC21-0994,레몬껍질추출분말,하이베이스,120000,인도,,일반식품,N,해찬솔없음,
SRC21-0995,레몬껍질추출물(엽산5%),선일에프앤씨,78000,인도,1,일반식품,N,,
SRC21-0996,유기농알파미분,하이베이스,13000,국산,,일반식품,N,해찬솔없음,
SRC21-0997,루바브추출분말,해찬솔,24000,국산,,일반식품,N,,
SRC21-0998,루바브추출분말,하이베이스,20000,국산,,일반식품,N,,
SRC21-1001,당귀농축액,해찬솔,21000,국산,,일반식품,N,,
SRC21-1004,숙지황추출분말,하이베이스,38000,국산,,일반식품,N,,
SRC21-1005,숙지황추출분말,선일에프앤씨,24300,중국,1,일반식품,N,,
SRC21-1006,구기자추출분말,해찬솔,30000,국산,,일반식품,N,11/29 현재 19kg 재고 보유중,
SRC21-1007,구기자추출분말,하이베이스,35000,국산,,일반식품,N,,
SRC21-1008,구기자추출분말,선일에프앤씨,29700,중국,1,일반식품,N,,
SRC21-1010,갈근분말,하이베이스,18000,국산,,일반식품,N,"환제 제조용 일반분말 임 **추출분말, 농축분말은 잘 안뭉쳐서 환제 제조 안됨",
SRC21-1011,갈근분말,엘본에이치앤비,12000,중국,,일반식품,N,,
SRC21-1012,갈근분말,바이오케어,13500,중국,,일반식품,N,,
SRC21-1013,결명자분말,하이베이스,13000,국산,,일반식품,N,,
SRC21-1014,결명자분말,엘본에이치앤비,10500,중국,,일반식품,N,,
SRC21-1015,결명자분말,바이오,12000,인도,,일반식품,N,,
SRC21-1016,녹차분말,하이베이스,19000,국산,,일반식품,N,,
SRC21-1017,녹차분말,엘본에이치앤비,26000,국산,,일반식품,N,,
SRC21-1018,녹차분말,바이오케어,22000,국산,,일반식품,N,세액별도,
SRC21-1019,단삼분말,엘본에이치앤비,19000,중국,,일반식품,N,하이베이스 없음,
SRC21-1020,단삼분말,바이오케어,21000,중국,,일반식품,N,,
SRC21-1022,발아현미분말,하이베이스,6000,국산,,일반식품,N,,
SRC21-1023,발아현미분말,바이오케어,15500,국산,,일반식품,N,,
SRC21-1024,백복령분말,하이베이스,61000,국산,,일반식품,N,,
SRC21-1025,복령분말,엘본에이치앤비,22000,중국,,일반식품,N,,
SRC21-1026,복령분말,바이오케어,22000,중국,,일반식품,N,,
SRC21-1027,산약분말,하이베이스,24000,국산,,일반식품,N,,
SRC21-1028,산약분말,엘본에이치앤비,26000,중국,,일반식품,N,,
SRC21-1029,산약분말,바이오케어,27500,중국,,일반식품,N,,
SRC21-1030,울금분말,하이베이스,9000,인도,,일반식품,N,,
SRC21-1031,울금분말,엘본에이치앤비,10500,인도네시아,,일반식품,N,,
SRC21-1032,울금분말,바이오케어,13000,인도,,일반식품,N,,
SRC21-1033,율무분말,하이베이스,22000,국산,,일반식품,N,,
SRC21-1034,율무분말,엘본에이치앤비,29000,국산,,일반식품,N,,
SRC21-1035,의이인분말,하이베이스,15000,국산,,일반식품,N,,
SRC21-1036,의이인분말,바이오케어,30000,국산,,일반식품,N,,
SRC21-1037,적소두분말,하이베이스,18000,국산,,일반식품,N,,
SRC21-1038,적소두분말,엘본에이치앤비,22000,국산,,일반식품,N,,
SRC21-1039,적소두분말,바이오케어,20000,국산,,일반식품,N,,
SRC21-1040,숙지황분말,하이베이스,75000,국산,,일반식품,N,,
SRC21-1041,숙지황분말,엘본에이치앤비,29000,중국,,일반식품,N,,
SRC21-1043,차전자피 분말,하이베이스,9000,인도,,일반식품,N,일반식품/ 식이섬유 75%,
SRC21-1044,차전자피 분말,엘본에이치앤비,16000,인도,,일반식품,N,79% 건식원료,
SRC21-1045,차전자피 분말,바이오케어,22000,인도,,일반식품,N,식이섬유75%/ 식품원료,
SRC21-1048,마인분말,바이오케어,16000,중국,,일반식품,N,,
SRC21-1049,황정(둥굴래)분말,하이베이스,38000,국산,,일반식품,N,,
SRC21-1050,황정(둥굴래)분말,엘본에이치앤비,29500,국산,,일반식품,N,,
SRC21-1051,황정(둥굴래)분말,바이오케어,22000,중국,,일반식품,N,,
SRC21-1053,미강추출분말,하이베이스,26000,미국,,일반식품,N,바이오케어 취급X,
SRC21-1054,미강추출분말,엘본에이치앤비,26000,미국,,일반식품,N,,
SRC21-1055,아미노믹스 BCCA혼합제제,하이베이스,24000,중국,,일반식품,N,12/7 시험성적서 받음,
SRC21-1056,"아미노믹스 BCCA(중국, 국내가공)",태성,45000,중국/국내가공,,일반식품,N,12/7 품목제조보고서 받음,
SRC21-1057,글리세린지방산에스테르,하이베이스,9000,국산,,일반식품,N,,
SRC21-1058,글리세린지방산에스테르,하이베이스,5500,말레이시아,,일반식품,N,,
SRC21-1060,에리스트롤,하이베이스,6500,중국,,일반식품,N,,
SRC21-1061,에리스트롤 결정,태성,9000,프랑스,,일반식품,N,,
SRC21-1062,에리스트롤 결정,태성,11500,미국,,일반식품,N,,
SRC21-1063,에리스트롤 분말,태성,17500,미국,,일반식품,N,,
SRC21-1064,판토텐산 칼슘,하이베이스,108000,영국,,일반식품,N,,
SRC21-1065,판토텐산 칼슘,태성,85000,영국,,일반식품,N,,
SRC21-1066,이노시톨,태성,50000,독일,,일반식품,N,"하이베이스>독일,핀란드산 물량부족으로 올해 수입분은 수급이 어려움",
SRC21-1067,이노시톨,태성,45000,중국,,일반식품,N,,
SRC21-1068,샤인머스켓향분말,하이베이스,22000,국산,,일반식품,N,,
SRC21-1069,샤인머스켓향분말,해찬솔,30000,,,일반식품,N,,
SRC21-1070,샤인머스켓 추출분말,새롬비앤에프,25000,,,일반식품,N,,
SRC21-1071,청포도 과즙분말,하이베이스,22000,미국,,일반식품,N,,
SRC21-1072,청포도 농축분말,해찬솔,15000,,,일반식품,N,,
SRC21-1073,청포도 농축분말,새롬비앤에프,15000,,,일반식품,N,,
SRC21-1075,레드비트농축분말,해찬솔,17000,,,일반식품,N,,
SRC21-1076,레드비트농축분말,새롬비앤에프,16000,,,일반식품,N,,
SRC21-1078,산수유추출분말,해찬솔,25000,,,일반식품,N,,
SRC21-1079,산수유추출분말,새롬비앤에프,35000,,,일반식품,N,,
SRC21-1080,아스파라거스추출분말,하이베이스,65000,,,일반식품,N,"외국산(페루,멕시코,호주)",
SRC21-1081,돼지감자(예루살렘 아티초크)추출분말,해찬솔,20000,국산,,일반식품,N,,
SRC21-1085,루바브뿌리 추출분말,해찬솔,24000,국산,,일반식품,N,,
SRC21-1086,루바브추출분말(줄기),하이베이스,20000,국산,,일반식품,N,,
SRC21-1088,수박과피,해찬솔,21000,국산,,일반식품,N,새롬 없음/해찬솔 : 성분분석자료없어 함량확인 불가,
SRC21-1089,수박과피추출분말,하이베이스,95000,국산,,일반식품,N,,
SRC21-1090,L-아스파라긴 (분말),엘본에이치앤비,53000,중국,,일반식품,N,해찬솔/새롬/하이베이스 없음,
SRC21-1092,갈근추출분말,하이베이스,22000,국산,,일반식품,N,,
SRC21-1095,대나무수액추출분말,하이베이스,60000,인도,,일반식품,N,해찬솔 없음,
SRC21-1097,흰강낭콩추출분말,해찬솔,15000,캐나다,,일반식품,N,,
SRC21-1098,흰강낭콩추출분말,하이베이스,45000,인도,,일반식품,N,,
SRC21-1099,마테추출분말,해찬솔,16000,브라질,20,일반식품,N,,
SRC21-1100,마테추출분말,하이베이스,50000,브라질,10,일반식품,N,,
SRC21-1101,홍삼농축액(6년근),현대바이오랜드,210000,국산,,일반식품,N,건강기능식품,
SRC21-1102,홍삼농축액분말(4년근),현대바이오랜드,310000,국산,,일반식품,N,,
SRC21-1103,홍삼농축액분말(6년근),현대바이오랜드,330000,국산,,일반식품,N,,
SRC21-1104,발효홍삼농축액(6년근),현대바이오랜드,250000,국산,,일반식품,N,,
SRC21-1105,발효홍삼농축액분말(6년근),현대바이오랜드,260000,국산,,일반식품,N,,
SRC21-1107,화이트토마토추출농축분말,하이베이스,340000,미국,,일반식품,N,,
SRC21-1108,화이트토마토추출농축분말,엘본에이치앤비,320000,미국,,일반식품,N,,
SRC21-1109,펩신,하이베이스,500000,영국,,일반식품,N,,
SRC21-1111,락토바실러스 람노서스GG,서호상사,1600000,미국,,일반식품,N,다니스코(듀퐁사 제품) 3500억/g **재고 일부 있음,
SRC21-1112,락토바실러스 람노서스GG,(미지정),480000,국산,,일반식품,N,"2,000억/g  **재고 0.275kg",
SRC21-1113,미역추출분말,해찬솔,15000,국산,60,일반식품,N,90만원,
SRC21-1114,미역추출분말,하이베이스,70000,중국,,일반식품,N,140만원 타사제품/재고확인필요,
SRC21-1116,대두레시틴 추출분말,하이베이스,26000,인도,,일반식품,N,해찬솔없음,
SRC21-1120,모로오렌지추출분말 hcs7565,엘본에이치앤비,16000,이탈리아,,일반식품,N,일반식품원료,
SRC21-1121,모로오렌지추출분말,새롬비앤에프,15000,,,일반식품,N,일반식품원료,
SRC21-1122,모로오렌지추출분말,하이베이스,55000,폴란드,,일반식품,N,일반식품원료,
SRC21-1123,모로오렌지추출분말,하이베이스,18000,이스라엘,,일반식품,N,일반식품원료,
SRC21-1124,"해조분말(잔가시쩍,피마톨리톤칼카륨)",하이베이스,10000,영국,40,일반식품,N,"향림제품, 재고확인필요/칼슘함량 미상",
SRC21-1125,해조칼슘,엘본에이치앤비,9800,영국,,일반식품,N,칼슘함량 32%,
SRC21-1126,해조칼슘,서호상사,11000,영국,,일반식품,N,칼슘함량 32%이상,
SRC21-1127,해조칼슘,하이베이스,26000,영국,,일반식품,N,수용성/칼슘함량12%이상,
SRC21-1128,구절초추출분말,해찬솔,15000,국산,,일반식품,N,,
SRC21-1129,구절초추출분말,하이베이스,18000,국산,,일반식품,N,"구절초추출분말(HCS-7609), 성분: 구절초추출액고형분2%:70%, 덱스트린30%)",
SRC21-1130,양배추농축액,해찬솔,24000,국산,,일반식품,N,HCS-6647 국산 냉동:  양배추 100%  (고형분 19.59%...20%),
SRC21-1131,양배추농축액,하이베이스,19000,독일,,일반식품,N,,
SRC21-1132,양배추즙농축액(BRIX:20),해찬솔,20000,국산,,일반식품,N,"HCS-5719 국산 냉동: 양배추즙추출액(고형분:4.5%) 97.4%, 올리고당 2.6%",
SRC21-1133,블루베리농축액,해찬솔,13000,미국,,일반식품,N,HCS-1014 미국산 냉장: 블루베리농축액 100%(수입 살균여과),
SRC21-1134,블루베리농축액,하이베이스,22000,오스트리아,,일반식품,N,,
SRC21-1135,블루베리주스농축액 25,해찬솔,12000,미국,,일반식품,N,미국산   냉동: 블루베리 100%(수입)(페일포장),
SRC21-1136,사과 농축액,해찬솔,4400,중국,,일반식품,N,실온,
SRC21-1137,사과 농축액,해찬솔,5700,국산,,일반식품,N,실온,
SRC21-1138,사과 농축액,하이베이스,7500,국산,,일반식품,N,,
SRC21-1139,브로콜리 농축액,해찬솔,13000,스페인,,일반식품,N,냉동,
SRC21-1140,브로콜리 농축액,하이베이스,40000,국산,,일반식품,N,,
SRC21-1141,비타민C FINE POWDER 99%,태성,8000,중국,,일반식품,N,ASCORBIC ACID FINE POEDER 99%,
SRC21-1142,비타민C ( Luwei ),태성,7500,중국,,일반식품,N,ASCORBIC ACID (결정)_분말보다 Size큰 것,
SRC21-1143,비타민C 97% 혼합제제,태성,12000,중국,,일반식품,N,,
SRC21-1144,비타민C,서호상사,6500,중국,,일반식품,N,,
SRC21-1145,푸마르산(Fumaric acid),하이베이스,5000,국산,,일반식품,N,대략적인 견적 +- 20% 감안,
SRC21-1146,푸마르산(Fumaric acid),선일에프앤씨,3700,중국,,일반식품,N,,
SRC21-1147,호박산(Succinate),선일에프앤씨,6200,,,일반식품,N,국내품목보고,
SRC21-1148,호박산(Succinate),하이베이스,6500,국산,,일반식품,N,대략적인 견적 +- 20% 감안,
SRC21-1149,홍삼엑기스(HCS-7130),해찬솔,9000,국산,,일반식품,N,"저당,홍삼농축액(홍삼100%/국산) 5%",
SRC21-1150,홍삼농축액,선일에프앤비,123000,국산,,일반식품,N,"홍삼성분70mg이상, 고형분 60% 이상",포장원문: 4년근
SRC21-1151,홍삼농축액,선일에프앤비,145000,국산,,일반식품,N,두제품 모두 부가세 별도/ MOQ 100KG / 리드타임 일주일,포장원문: 6년근
SRC21-1152,홍삼농축분말,하이베이스,180000,국산,,일반식품,N,(Rg1+Rb1=4mg/g)/건기식,
SRC21-1153,젖산칼슘,하이베이스,4500,중국,,일반식품,N,,
SRC21-1154,트립토판,하이베이스,28000,중국,,일반식품,N,,
SRC21-1156,오자농축액,해찬솔,20000,중국,,일반식품,N,100%,
SRC21-1159,모유유래 유산균,하이베이스,30000,,,일반식품,N,,
SRC21-1162,비타민미네랄복합제,하이베이스,27000,,,일반식품,N,"남양비타민미네랄믹스(비타민10종, 미네랄4종)",
SRC21-1163,비타민미네랄믹스fs1,엘본에이치앤비,36000,,,일반식품,N,,
SRC21-1164,어성초추출물,하이베이스,16000,중국,,일반식품,N,,
SRC21-1165,어성초추출분말,엘본에이치앤비,50000,국산,,일반식품,N,,
SRC21-1166,당근착즙액 분말,해찬솔,24000,국산,,일반식품,N,,
SRC21-1167,당근농축분말,새롬비앤에프,19000,,,일반식품,N,,
SRC21-1168,당근추출분말,하이베이스,460000,중국,,일반식품,N,베타카로틴10% 건기식,
SRC21-1169,당근추출분말,하이베이스,22000,국산,,일반식품,N,고형분30% 일식,
SRC21-1170,사과 농축분말,해찬솔,14000,국산,,일반식품,N,,
SRC21-1171,사과 농축분말,새롬비앤에프,15000,,,일반식품,N,,
SRC21-1172,사과농축분말,하이베이스,16000,국산,,일반식품,N,,
SRC21-1173,사과과즙분말,하이베이스,14000,국산,,일반식품,N,,
SRC21-1174,토마토 추출분말,해찬솔,15000,칠레,,일반식품,N,,
SRC21-1175,토마토 추출분말,하이베이스,17000,칠레,,일반식품,N,,
SRC21-1176,토마토농축분말,새롬비앤에프,20000,,,일반식품,N,,
SRC21-1177,감귤 농축분말,해찬솔,15000,국산,,일반식품,N,,
SRC21-1178,감귤 농축분말,새롬비앤에프,13000,,,일반식품,N,,
SRC21-1179,감귤 농축/추출분말,하이베이스,18000,국산,,일반식품,N,,
SRC21-1180,바나나엑기스분말,해찬솔,18000,필리핀,,일반식품,N,,
SRC21-1181,블루베리 농축분말,해찬솔,15000,미국,,일반식품,N,,
SRC21-1182,블루베리 농축분말,새롬비앤에프,24000,,,일반식품,N,,
SRC21-1183,블루베리 농축분말,하이베이스,40000,미국,,일반식품,N,,
SRC21-1186,돌미나리추출분말,하이베이스,24000,국산,,일반식품,N,,
SRC21-1187,양파 추출분말,새롬비앤에프,28000,,,일반식품,N,,
SRC21-1188,양파 추출분말,하이베이스,19000,국산,,일반식품,N,,
SRC21-1189,양파 추출분말,하이베이스,140000,미국,,일반식품,N,퀘르세틴10%,
SRC21-1191,생강추출액분말,해찬솔,21000,국산,,일반식품,N,,
SRC21-1192,생강추출분말,해찬솔,22000,국산,,일반식품,N,,
SRC21-1193,생강추출분말,하이베이스,28000,중국,,일반식품,N,,
SRC21-1194,생강추출분말,새롬비앤에프,40000,,,일반식품,N,,
SRC21-1195,로즈마리 추출분말,해찬솔,16000,이집트,,일반식품,N,,
SRC21-1196,로즈힙 추출분말,해찬솔,20000,칠레,,일반식품,N,,
SRC21-1198,새싹귀리추출분말,해찬솔,16000,국산,,일반식품,N,,
SRC21-1199,귀리식이섬유 추출분말,하이베이스,6000,독일,,일반식품,N,,
SRC21-1201,회향추출분말,하이베이스,30000,중국,100,일반식품,N,고형분30%,
SRC21-1202,회향추출분말 SG,태성,45000,중국,100,일반식품,N,,
SRC21-1203,효모추출물(L-글루타치온50%),태성,210000,중국,,일반식품,N,,
SRC21-1206,초유단백(IgG 20%),엘본에이치앤비,82000,미국,,일반식품,N,,
SRC21-1207,초유분말10%,태성,55000,미국,,일반식품,N,,
SRC21-1208,초유분말20%,태성,83000,미국,,일반식품,N,,
SRC21-1209,아로니아농축액,해찬솔,7800,폴란드,,일반식품,N,,
SRC21-1210,아로니아농축액,하이베이스,7000,폴란드,,일반식품,N,250 맞음,
SRC21-1211,아로니아농축액,새롬비앤에프,12000,,,일반식품,N,,
SRC21-1212,모과농축액 (65브릭스),해찬솔,13000,국산,,일반식품,N,,
SRC21-1213,모과농축액 (65브릭스),새롬비앤에프,15000,,,일반식품,N,,
SRC21-1214,모과농축액 (65브릭스),하이베이스,25500,국산,,일반식품,N,모과9%+정제수91%,
SRC21-1215,모과농축액 (60브릭스)100%,하이베이스,15000,국산,,일반식품,N,모과 90%+저감미당 10%,
SRC21-1216,베타카로틴 1%,하이베이스,50000,국산,,일반식품,N,,
SRC21-1217,베타카로틴 1%,하이베이스,90000,스위스,,일반식품,N,,
SRC21-1218,베타카로틴 1% 액상,하이베이스,35000,프랑스,,일반식품,N,,
SRC21-1219,베타카로틴 10%,하이베이스,210000,,,일반식품,N,,
SRC21-1220,베타카로틴 30%,하이베이스,300000,,,일반식품,N,,
SRC21-1221,베타카로틴 30%,엘본에이치앤비,300000,프랑스,,일반식품,N,,
SRC21-1222,구연산칼슘,하이베이스,19000,미국,,일반식품,N,,
SRC21-1223,구연산칼슘,엘본에이치앤비,18000,미국,,일반식품,N,,
SRC21-1224,구연산칼슘,하이베이스,17000,국산,,일반식품,N,,
SRC21-1228,12종 복합효소(엔자임믹스파우더),에스제이디,273000,호주,,일반식품,N,,
SRC21-1232,건조효모셀레늄,에스제이디,40000,,,일반식품,N,"셀레늄1,200ppm(0.12%)",
SRC21-1233,건조효모 강화셀레늄,에스제이디,78000,,,일반식품,N,"셀레늄3,000ppm(0.3%)",
SRC21-1234,건조효모 아연,에스제이디,47000,,,일반식품,N,아연 10%,
SRC21-1235,건조효모 크롬,에스제이디,48000,,,일반식품,N,"크롬 2,000ppm(0.2%)",
SRC21-1236,L. rhamnosus Rosell-11 락토람노서스 -로셀-11,에스제이디,650000,캐나다             -로셀,,일반식품,N,일반 1500억/g,
SRC21-1237,L. rhamnosus Rosell-11 락토람노서스 -로셀-11,에스제이디,720000,캐나다          -로셀,,일반식품,N,코팅 500억/g ** 식물성 유지 코팅으로 보관안정성 및 섭취시 생존률 높음,
SRC21-1239,Bifidobacterium BB-12 비피도박테리움 BB-12,에스제이디,90000,덴마크           -크리스찬 한센,,일반식품,N,** 25g 당 9만원입니다.   100억/g,
SRC21-1240,Bifidobacterium lactis BL-04 비피도박테리움 락티스 BL-04,에스제이디,2200000,"미국, 덴마크    -듀퐁 다니스코",,일반식품,N,**cfg 5000억 /리드타임 2주,
SRC21-1241,글루콘산아연,태성,27000,미국,,일반식품,N,당진공장재고 9Kg,
SRC21-1242,글루콘산아연,태성,11000,중국,,일반식품,N,,
SRC21-1243,수국잎 열수 추출분말,해찬솔,50000,국산,,일반식품,N,,
SRC21-1244,수국잎 열수 추출분말,하이베이스,52000,국산,,일반식품,N,,
SRC21-1245,수국잎 열수 추출분말,하이베이스,16000,중국,,일반식품,N,,
SRC21-1246,피쉬콜라겐,세일인터내셔널,42000,캐나다,,일반식품,N,,
SRC21-1247,저분자피쉬콜라겐,테이스트메이커코리아,34000,베트남,,일반식품,N,300달톤,포장원문: 200kg이하
SRC21-1248,저분자피쉬콜라겐,테이스트메이커코리아,32000,베트남,,일반식품,N,300달톤,포장원문: 200kg이상
SRC21-1249,저분자피쉬콜라겐,테이스트메이커코리아,29000,베트남,,일반식품,N,500달톤,포장원문: 200kg이하
SRC21-1250,저분자피쉬콜라겐,테이스트메이커코리아,27000,베트남,,일반식품,N,500달톤,포장원문: 200kg이상
SRC21-1251,비타민B12,하이베이스,138000,스위스,,일반식품,N,제품 동물성원료 제한. 비건제품,
SRC21-1252,비타민B12,엘본에이치앤비,92000,미국,,일반식품,N,,
SRC21-1256,베타인 분말,하이베이스,33000,필란드,,일반식품,N,,
SRC21-1257,L-이소로이신,태성,31000,중국,,일반식품,N,,
SRC21-1259,홍국발효 구기자 분말,해찬솔,32000,국산,,일반식품,N,,
SRC21-1260,홍국발효구기자분말 hcs-7759,엘본에이치앤비,35000,국산,,일반식품,N,,
SRC21-1261,백납(비즈왁스),태성,24000,미국,,일반식품,N,일반식품원료,
SRC21-1262,백납(비즈왁스),태성,18000,중국,,일반식품,N,,
SRC21-1263,진득찰분말,해찬솔,20000,국산,,일반식품,N,,
SRC21-1264,영지버섯분말,해찬솔,21000,국산,,일반식품,N,,
SRC21-1265,표고버섯분말,해찬솔,39000,국산,,일반식품,N,,
SRC21-1267,감태추출물,(미지정),750000,,,일반식품,N,*사급원료                            당진공장 40kg 입고(재고),
SRC21-1269,까마귀쪽나무열매 주정추출물,(미지정),800000,,,일반식품,N,,
SRC21-1273,벌나무농축액,하이베이스,40000,국산,,일반식품,N,해찬솔없음/시험성적서 있음/고형분 함량 알 수 없음,
SRC21-1274,다래추출분말,하이베이스,280000,"미국,뉴질랜드",40,일반식품,N,해찬솔없음,
SRC21-1275,크레아틴,태성,30000,중국,,건기식,Y,,3g / 근력운동시 운동스행능력 / 향상에 도움
SRC21-1276,자라추출분말,하이베이스,190000,대만,,일반식품,N,열풍건조,
SRC21-1277,남가새추출분말,해찬솔,16000,인도,,일반식품,N,,
SRC21-1278,남가새추출분말,하이베이스,40000,인도,,일반식품,N,트리블러스추출분말,
SRC21-1279,차즈기추출물,해찬솔,16000,국산,,일반식품,N,,
SRC21-1280,차즈기추출물,엘본에이치앤비,18000,국산,,일반식품,N,,
SRC21-1281,곽향 추출분말,하이베이스,35000,중국,100,일반식품,N,원물구매현황에 따라 생산가능여부 및 단가변동 가능성,
SRC21-1282,정향 추출분말,하이베이스,31000,인도네시아,,일반식품,N,,
SRC21-1283,회향 추출분말,하이베이스,30000,중국,,일반식품,N,,
SRC21-1285,정향 추출액,하이베이스,35000,인도네시아,,일반식품,N,,
SRC21-1286,회향 엑기스,하이베이스,20000,인도,,일반식품,N,,
SRC21-1287,돌외잎주정추출물,티지바이오텍,370000,,100,일반식품,N,,
SRC21-1288,녹차추출분말(카테킨함량70%),하이베이스,80000,미국,,일반식품,N,,
SRC21-1289,녹차추출분말(카테킨함량70%),하이베이스,77000,중국,,일반식품,N,,
SRC21-1290,녹차추출분말(카테킨함량75%),하이베이스,88000,인도,,일반식품,N,75%,
SRC21-1291,녹차추출분말(카테킨함량70%),엘본에이치앤비,79000,인도,,일반식품,N,70%,
SRC21-1292,작약추출물,(미지정),250000,,,일반식품,N,개별인정형 원료,
SRC21-1295,곤약감자 세라마이드,엘본에이치앤비,2000000,중국,,일반식품,N,글루코실세라마이드 함량,
SRC21-1296,흑미 분말(생),하이베이스,7500,국산,,일반식품,N,면세,
SRC21-1297,흑미 분말(볶음),하이베이스,8000,국산,,일반식품,N,부가세 별도,
SRC21-1298,땅콩 분말,하이베이스,12000,국산,,일반식품,N,면세,
SRC21-1299,검은콩 분말(생),하이베이스,16000,국산,,일반식품,N,면세,
SRC21-1300,검은콩 분말(볶음),하이베이스,16500,국산,,일반식품,N,부가세 별도,
SRC21-1301,보리 분말(생),하이베이스,4500,국산,,일반식품,N,면세,
SRC21-1302,보리 분말(볶음),하이베이스,5000,국산,,일반식품,N,별도,
SRC21-1303,흰강낭콩 분말(볶음),하이베이스,8000,캐나다,,일반식품,N,별도,
SRC21-1304,백태 분말(생),하이베이스,9000,국산,,일반식품,N,면세,
SRC21-1305,백태 분말(볶음),하이베이스,10500,국산,,일반식품,N,별도,
SRC21-1306,호두A 분말,하이베이스,19000,미국,,일반식품,N,"별도 (호두 85%, 쌀 15%)",
SRC21-1307,현미배아 분말(생),하이베이스,15000,국산,,일반식품,N,면세,
SRC21-1308,현미배아 분말(볶음),하이베이스,15500,국산,,일반식품,N,별도,
SRC21-1310,아마씨 분말,하이베이스,7000,캐나다,,일반식품,N,,
SRC21-1311,식물성콜라겐 펩타이드,에스제이디,207000,,10,일반식품,N,흰목이버섯유래,
SRC21-1312,아미노산펩타이드,에스제이디,75000,,15,일반식품,N,당근유래,
SRC21-1315,아미노산펩타이드,태성,75000,,,일반식품,N,당근유래,
SRC21-1317,락토바실러스 람노서스GG [HN001],에스제이디,3500000,미국,,일반식품,N,"""하우 아 유""라는 제품명 못씀.  승수는 유사함",
SRC21-1319,Bacillus Coagulans [1000억] 바실러스 코아귤런스,바른에프피,470000,인도,,일반식품,N,제조사 : Meteoric Biopharmaceuticals,
SRC21-1320,항비만유산균 [2200억],(미지정),700000,,,일반식품,N,사무실_나약사님,
SRC21-1322,나토배양물,선일에프앤씨,850000,,,일반식품,N,"기능성원료인증서,한글라벨 있음/ 균 14.000~22,000u/g  권장량 133mg",
SRC21-1323,HK 나토배양물,엘본에이치앤비,680000,,,일반식품,N,133mg,
SRC21-1325,블랙커런트농축분말,새롬비앤에프,27000,,,일반식품,N,브릭스 알수 없음,
SRC21-1327,아르지닌(아르기닌),(미지정),28000,국산,,일반식품,N,나약사님 관리,
SRC21-1328,아르지닌(아르기닌),(미지정),24000,미국,,일반식품,N,나약사님 관리,
SRC21-1329,아르지닌(아르기닌),(미지정),22000,중국,,일반식품,N,나약사님 관리,
SRC21-1330,영유아유래 유산균,메디오젠,570000,국산,,일반식품,N,5kg 패킹도 있음/ 2400억,
SRC21-1331,아미노산혼합물BCAA INSTANT POWDER,(미지정),25000,중국,,일반식품,N,12/07 현재 공장재고 68kg / 시험성적서 있음,
SRC21-1332,레몬밤추출물,(미지정),150000,국산,,일반식품,N,나약사님_개별인정형 원료,
SRC21-1334,천연치자황색소,하이베이스,34000,국산,,일반식품,N,10kg 이상 할인적용 가능,
SRC21-1335,용안육 분말,바이오케어,26000,중국/베트남,20,일반식품,N,산약(마)/중국    용안육/베트남   산약70% 용안육30% //**부가세별도,
SRC21-1336,트리뷸러스 추출분말,하이베이스,42000,인도,,일반식품,N,농축액은 없음,
SRC21-1337,잔탄검,하이베이스,11500,중국,,일반식품,N,,
SRC21-1338,잔탄검,하이베이스,20000,오스트리아,,일반식품,N,약 2만원이하로 가능함,
SRC21-1339,포스파티딜세린,하이베이스,660000,미국,,일반식품,N,"부가세별도/세린70%/건기식원료, 제조:Nutracetical international, 수입:아이비티㈜              20221208현재고 15KG",
SRC21-1341,쑥 농축액,새롬비앤에프,16000,국산,,일반식품,N,,
SRC21-1342,브로멜라인,에스제이디,56000,필리핀,,일반식품,N,"1,000 Unit/g 이상",
SRC21-1343,WPH (가수분해유청단백),하이베이스,23000,미국,,일반식품,N,,
SRC21-1346,블랙곡물추출분말,하이베이스,25000,국산,,일반식품,N,"흑미, 검정통, 검정깨",
SRC21-1347,미셀라카제인,하이베이스,19000,프랑스,,일반식품,N,,
SRC21-1349,노니추출분말,하이베이스,15000,중국,,일반식품,N,,
SRC21-1350,폴리덱스트로스,하이베이스,4200,국산,,일반식품,N,,
SRC21-1353,글루타치온 85%,뉴다바이오,800000,미국,,일반식품,N,글루타치온 85% 판매원(77만원~80만원선),"680,000"
SRC21-1355,철갑상어추출분말,엠바이오텍,210000,덴마크,,일반식품,N,건식원료,
SRC21-1356,상어연골추출분말(뮤코다당),하이베이스,75000,중국,,일반식품,N,"콘드로이친 황산염(뮤코다당,단백)/건기식",
SRC21-1357,상어연골분말,하이베이스,50000,호주,,일반식품,N,,
SRC21-1363,연어이리추출분말,태성,260000,,,일반식품,N,최준호과장,
SRC21-1364,망고스틴 추출분말,하이베이스,19000,중국,,일반식품,N,500kg 수입예상 원가,
SRC21-1365,아보카도 추출분말,하이베이스,19000,중국,,일반식품,N,500kg 수입예상 원가,
SRC21-1366,엘더베리농축분말,해찬솔,20000,오스트리아,,일반식품,N,,
SRC21-1367,회화나무열매추출분말,하이베이스,15000,중국,,일반식품,N,,
SRC21-1368,회화나무열매추출분말,하이베이스,140000,인도,,일반식품,N,건식원료,
SRC21-1369,민들레추출분말,하이베이스,24000,중국,,일반식품,N,,
SRC21-1371,민들레(포공영)일반분말,바이오케어,32000,국산,,일반식품,N,,
SRC21-1372,민들레(포공영)일반분말,바이오케어,19000,중국,,일반식품,N,,
SRC21-1373,헛개나무 일반분말,바이오케어,15200,국산,,일반식품,N,바이오케어 수입산 없음,
SRC21-1374,헛개나무 열매 일반분말,바이오케어,36500,국산,,일반식품,N,,
SRC21-1375,헛개나무 열매 일반분말,바이오케어,14500,중국,,일반식품,N,,
SRC21-1376,헛개나무 열매 추출분말,하이베이스,23000,중국,,일반식품,N,,
SRC21-1377,치자 일반분말,바이오케어,17000,중국,,일반식품,N,,
SRC21-1378,치자 일반분말,바이오케어,24400,국산,,일반식품,N,,
SRC21-1379,치자 농축분말,하이베이스,27000,중국,,일반식품,N,,
SRC21-1380,치자 분말,하이베이스,25000,국산,,일반식품,N,,
SRC21-1385,달맞이꽃 종자유,하이베이스,50000,뉴질랜드,,일반식품,N,,
SRC21-1386,보라지꽃 종자유,미래바이오텍,46000,뉴질랜드,,일반식품,N,감마리놀렌산 20%,
SRC21-1388,미야이리균(낙산균),바른에프피,770000,,,일반식품,N,1억,
SRC21-1390,황금분말,바이오케어,14500,중국,,일반식품,N,,
SRC21-1391,당귀분말,바이오케어,19500,국산,,일반식품,N,,
SRC21-1392,당귀분말,바이오케어,13600,중국,,일반식품,N,,
SRC21-1393,녹차분말,바이오케어,21000,국산,,일반식품,N,부가세별도 / 수입산 없음,
SRC21-1394,레몬밤(추출분말),하이베이스,12000,중국,,일반식품,N,1/9발주시 13000>12000인하 김혜성 과장,
SRC21-1396,엥게비타GSH,비전바이오켐,20000,,,일반식품,N,당진에 재고 많음                                          2023년 단가인상예정,
SRC21-1397,L-티로신,서호상사,37000,중국,,일반식품,N,,
SRC21-1398,글루타치온(50%),태성,320000,인도,,일반식품,N,인도산이 가장 저렴,
SRC21-1400,세라티크 세라마이드 (밀추출분말),하이베이스,2400000,프랑스,,일반식품,N,**타정용은 불가(자사 제품만 정제 생산)_분말만 가능 *채움바이오와 거래관계,
SRC21-1401,모로오렌지 추출분말,해찬솔,16500,이탈리아,20,일반식품,N,,
SRC21-1402,모로오렌지 추출분말,하이베이스,55000,폴란드,,일반식품,N,,
SRC21-1403,모로오렌지 추출분말,하이베이스,18000,이스라엘,,일반식품,N,고형분11%,
SRC21-1404,대두이소플라본(바이오이소플라본),현대바이오랜드,300000,미국,,일반식품,N,187.5mg/g 이상,
SRC21-1405,대두이소플라본(수용성이소플라본),현대바이오랜드,350000,미국,,일반식품,N,62mg/g 이상,
SRC21-1406,중성비타민C,하이베이스,70000,미국,,일반식품,N,,
SRC21-1408,비오틴,서호상사,13000,프랑스,,일반식품,N,** g당 단가임_1kg 1300만원,
SRC21-1409,링곤베리 분말,하이베이스,100000,에스토니아,,일반식품,N,"직수입사는 ""세일"" 새일?              4월재배로 이후 수급 원활",
SRC21-1412,식물스테롤,하이베이스,65000,인도,,일반식품,N,,
SRC21-1413,식물스테롤,하이베이스,75000,미국,,일반식품,N,,
SRC21-1414,진피 추출분말,하이베이스,21000,국산,,일반식품,N,고형분50%,
SRC21-1415,계피 추출분말,하이베이스,26000,베트남,,일반식품,N,고형분20%,
SRC21-1416,계피 추출분말,하이베이스,16000,베트남,,일반식품,N,고형분2%,
SRC21-1417,진피엑기스분말,해찬솔,23000,,,일반식품,N,,
SRC21-1418,계피추출분말,해찬솔,15500,,,일반식품,N,,
SRC21-1419,소연골 콘드로이친황산염,하이베이스,160000,인도,,일반식품,N,"소연골이 주원료인 경우 타정 : 한알 600mg는 사용되야 함/ 스틱포,소환,분말의 경우 최소  1200mg사용 조건",
SRC21-1420,지각농축분말,하이베이스,70000,국산,,일반식품,N,"탱자추출분말, 6~7만원선",
SRC21-1421,박하농축분말,하이베이스,25000,국산,,일반식품,N,,
SRC21-1423,락토바실러스 카제이 시로타균주,바른에프피,350000,국산,,일반식품,N,"1000억, 시로타는 특정회사 제품명",
SRC21-1424,석류추출분말,해찬솔,15000,이란,,일반식품,N,,
SRC21-1426,석류추출분말,하이베이스,24000,이란,,일반식품,N,,
SRC21-1428,연자육추출분말,하이베이스,31000,국산,,일반식품,N,,
SRC21-1429,대추야자추출분말,하이베이스,25000,이란,,일반식품,N,,
SRC21-1430,홍국(모나콜린)분말,하이베이스,150000,미국,,일반식품,N,건식원료 (홍국 3%),
SRC21-1432,링곤베리퓨레추출물분말(월귤나무열매),하이베이스,85000,폴란드,,일반식품,N,"과채가공품, 제조:Mlb biotrade",
SRC21-1433,바질씨드추출분말,하이베이스,80000,,,일반식품,N,8만원 선/ 재고 및 정확한 단가 추후 확인,
SRC21-1434,아누카사과 추출물,하이베이스,160000,이탈리아,,일반식품,N,16만원정도 수입검토중,
SRC21-1435,유기농 밀크시슬,하이베이스,390000,미국,,일반식품,N,실리마린 50%,
SRC21-1436,유기농 밀크시슬,하이베이스,450000,스페인,,일반식품,N,실리마린 50%,
SRC21-1438,곡물혼합분말 5종,하이베이스,7000,국산,,일반식품,N,,
SRC21-1439,살균곡류혼합분말14곡,하이베이스,20000,국산,,일반식품,N,,
SRC21-1440,곡류혼합분말14곡,하이베이스,15000,국산,,일반식품,N,,
SRC21-1441,유기농곡류혼합분말17종,하이베이스,25000,국산,,일반식품,N,,
SRC21-1442,쌀단백분말,하이베이스,10000,베트남,,일반식품,N,,
SRC21-1443,쌀단백분말,하이베이스,16000,벨기에,,일반식품,N,,
SRC21-1445,20야채혼합농축분말,하이베이스,17000,국산,,일반식품,N,HCS-5180,
SRC21-1446,27종과일야채혼합농축분말,하이베이스,23000,국산,,일반식품,N,HCS-7799,
SRC21-1447,히스티딘,하이베이스,110000,중국,,일반식품,N,아미노산 계열,
SRC21-1450,토마토추출물(건식원료),하이베이스,350000,인도,,일반식품,N,"6%, 액상 /수입해야 함",
SRC21-1451,토마토추출물(건식원료),하이베이스,600000,이스라엘,,일반식품,N,"6%, 액상",
SRC21-1453,표고버섯균사체 AHCC,KCF코리아,600000,,60,일반식품,N,알파 글루칸 / VAT별도                  ○ 인정번호 : 제2008-78호(2008.12.08),
SRC21-1454,표고버섯균사체,하이베이스,90000,,,일반식품,N,건식원료 /베타글루칸 기준 110~200 / 150mg,
SRC21-1456,마추출분말,해찬솔,23000,국산,,일반식품,N,,
SRC21-1457,마추출분말,하이베이스,29000,국산,,일반식품,N,,
SRC21-1458,황기추출분말,해찬솔,21000,국산,,일반식품,N,,
SRC21-1459,황기추출분말,해찬솔,23000,국산,,일반식품,N,,
SRC21-1462,알로에베라추출분말 일반식품,태성,57000,중국,,일반식품,N,미국 100:1,
SRC21-1463,보이차추출분말,태성,17000,중국,,일반식품,N,,
SRC21-1464,그린커피빈추출분말,엔바이오텍,25000,인도,,일반식품,N,기타가공품/ 클로겐산5%,
SRC21-1465,동물성 알티지오메가3,태성,110000,독일,,일반식품,N,80%이상/정어리유 기준76% / '백중'만 수입,
SRC21-1466,핑그루트추출분말,하이베이스,13000,중국,,일반식품,N,,
SRC21-1468,발효구기자추출분말,해찬솔,32000,국산,,일반식품,N,,
SRC21-1469,구기자농축액,해찬솔,28000,국산,,일반식품,N,,
SRC21-1470,복숭아농축분말,해찬솔,15000,이스라엘,,일반식품,N,,
SRC21-1471,복숭아농축액,해찬솔,9500,이스라엘,,일반식품,N,,
SRC21-1477,비타민k1( 바실러스 나토균 농축분말),태성,330000,미국,,일반식품,N,V-K1 건조효모,
SRC21-1478,난각막분말,하이베이스,520000,미국,,일반식품,N,재고확인 필요,
SRC21-1482,병아리콩추출분말,해찬솔,14000,캐나다,,일반식품,N,,
SRC21-1484,코엔자임Q10,태성,680000,인도,,일반식품,N,98%~100%(성적서 있음),
SRC21-1485,코코넛오일,하이베이스,22000,필리핀,,일반식품,N,,
SRC21-1486,올리브오일,하이베이스,9000,스페인,,일반식품,N,제조사: 오뚜기,
SRC21-1487,포도씨오일,하이베이스,7000,스페인,,일반식품,N,,
SRC21-1488,팔라티노스,태성,6000,독일,,일반식품,N,,
SRC21-1489,누룽지분말,하이베이스,4000,국산,,일반식품,N,,
SRC21-1490,옥수수전분,하이베이스,1500,국산,,일반식품,N,수입산 옥수수알파전분은 공급 어려움,
SRC21-1491,비타민K1 혼합제재,미르인터내셔널,320000,,,일반식품,N,5% / 재고 300g,
SRC21-1492,비타민E 혼합제재,(미지정),70000,,,일반식품,N,재고 700g,
SRC21-1493,로즈힙퓨레추출분말,채움바이오,55000,폴란드,,일반식품,N,로즈힙퓨레추출분말100% 과채가공품,
SRC21-1495,작약추출물,(미지정),360000,,,일반식품,N,개별인정형,
SRC21-1497,대두발효추출물분말(50%),하이베이스,330000,국산,,일반식품,N,혈전분해단위:7000FU이상,
SRC21-1498,대두단백추출분말,해찬솔,14000,중국,,일반식품,N,2월2주 생산예정,
SRC21-1500,어성초분말,바이오케어,17000,국산,,일반식품,N,일반분말,
SRC21-1501,어성초분말,바이오케어,8200,중국,,일반식품,N,일반분말,
SRC21-1502,구기자분말,바이오케어,46000,국산,,일반식품,N,구기자 일반분말은 제조공정 까다로움,
SRC21-1503,구기자분말,바이오케어,17000,중국,,일반식품,N,일반분말,
SRC21-1504,유청칼슘,하이베이스,20000,독일,,일반식품,N,,
SRC21-1505,해조칼슘(아쿠아칼),하이베이스,11000,영국,,일반식품,N,,
SRC21-1507,화이트토마토추출분말,하이베이스,350000,미국,,일반식품,N,일반식품원료,
SRC21-1508,분리유단백(MPI),담원인터내셔널,22000,프랑스,,일반식품,N,가격 인상 후,
SRC21-1509,분리유청단백(WPI),담원인터내셔널,23000,미국,,일반식품,N,일반,
SRC21-1510,분리유청단백(WPI),담원인터내셔널,29000,네덜란드,,일반식품,N,그라스페이드(자연방목인증),
SRC21-1511,분리유청단백(WPI),하이베이스,24000,미국,,일반식품,N,,
SRC21-1512,산양유단백,담원인터내셔널,35000,네덜란드,,일반식품,N,,
SRC21-1513,산양전지분유,담원인터내셔널,23000,네덜란드,,일반식품,N,,
SRC21-1514,산양탈지분유,담원인터내셔널,23000,네덜란드,,일반식품,N,,
SRC21-1515,동물성 오메가3,바른에프피,100000,스페인,,일반식품,N,RTG/초임계/ 75% EPA50:DHA25,
SRC21-1516,아밀라아제(아스퍼질러스발효물A),에스제이디,73000,,10,일반식품,N,역가 150만 보장/특허없음,
SRC21-1517,프로테아제(아스퍼질러스발효물P),에스제이디,71000,,10,일반식품,N,역가 3만 / 특허없음,
SRC21-1518,엔자임 믹스 파우더,에스제이디,273000,,5,일반식품,N,,
SRC21-1519,블로멜라인,에스제이디,54000,,20,일반식품,N,,
SRC21-1520,파파인,에스제이디,39000,,20,일반식품,N,,
SRC21-1521,원지추출물,하이베이스,32000,중국,20,일반식품,N,고형분 3.5%,
SRC21-1522,석창포추출물,하이베이스,32000,국산,100,일반식품,N,고형분 4%,
SRC21-1525,농축유단백(MPC),담원인터내셔널,22000,프랑스,,일반식품,N,부가세별도,
SRC21-1526,분리대두단백(ISP),담원인터내셔널,6300,인도,,일반식품,N,업체: 폰테라 /부가세별도,
SRC21-1528,농축유청단백(WPC),담원인터내셔널,15500,뉴질랜드,,일반식품,N,부가세별도,
SRC21-1529,코코넛오일파우더(MCT유지분말),태성,16000,말레이지아,,일반식품,N,,
SRC21-1530,코코넛슈가분말,태성,5700,인도네시아,,일반식품,N,,
SRC21-1531,코코아파우더,하이베이스,7000,네덜란드,,일반식품,N,,
SRC21-1532,코코아파우더,하이베이스,8000,스페인,,일반식품,N,,
SRC21-1534,쌀발효분말,하이베이스,68000,국산,,일반식품,N,"원재료명 및 함량: 쌀발효마그네슘농축액 100%
식품유형: 기타가공품
성적서상 마그네슘함량  17%",
SRC21-1536,단호박농축분말 SR-28470,새롬비앤에프,22000,국산,,일반식품,N,"단호박농축액70%(고형분10%), 덱스트린29%, 아라비아검 1%",
SRC21-1537,단호박농축분말,하이베이스,21000,국산,,일반식품,N,단호박퓨레50%,
SRC21-1540,락토바실러스 루테리,메디오젠,520000,,,일반식품,N,2000억기준,
SRC21-1541,락토바실러스 루테리,메디오젠,360000,,,일반식품,N,1000억,
SRC21-1545,락토바실러스 애시도필러스-10,메디오젠,50000,,5,일반식품,N,10억 CFU/g,
SRC21-1546,락토바실러스 애시도필러스_L2,메디오젠,140000,,5,일반식품,N,100억 CFU/g,
SRC21-1547,락토바실러스 애시도필러스-500,메디오젠,290000,,1,일반식품,N,500억 CFU/g,
SRC21-1548,어골칼슘,하이베이스,36000,미국,,일반식품,N,칼슘함유량 25%,
SRC21-1549,소연골,하이베이스,160000,인도,,일반식품,N,황산 콘드로이친 함량 53.8%,
SRC21-1555,칸달로프멜론추출분말,하이베이스,18000,중국,,일반식품,N,일반식품,
SRC21-1557,이산화규소,하이베이스,6000,인도,,일반식품,N,,
SRC21-1558,이산화규소,하이베이스,5500,프랑스,,일반식품,N,,
SRC21-1559,피로인산제2철(리포조말),하이베이스,37000,독일,,일반식품,N,철함량 24~26%,
SRC21-1560,리로퍼엔에이디스퍼서블(피로인산제2철),하이베이스,115000,스페인,,일반식품,N,"철분7.8~9% (옥수수전분60%,피로인산제이철35%,해바라기레시틴5%) 식품첨가물",
SRC21-1561,락토바실러스 헬베티쿠스,메디오젠,170000,국산,,일반식품,N,100억 CFU/g,
SRC21-1562,스트렙토코커스 써모필러스,메디오젠,170000,국산,5,일반식품,N,100억 CFU/g,
SRC21-1563,애니말리스비피더스균알(R)-1000,메디오젠,450000,국산,,일반식품,N,"1,000억 CFU/g",
SRC21-1564,락티스 유산균-1000,메디오젠,350000,국산,1,일반식품,N,"1,000억 CFU/g",
SRC21-1565,락토바실러스 헬베티쿠스,바른에프피,220000,국산,5,일반식품,N,100억 CFU/g,
SRC21-1566,락토코커스 락티스,바른에프피,320000,국산,5,일반식품,N,"1,000억 CFU/g",
SRC21-1567,스트렙토코커스 써모필러스,바른에프피,420000,국산,5,일반식품,N,"1,000억 CFU/g",
SRC21-1568,모로실농축분말,태성,16000,미국,,일반식품,N,,
SRC21-1569,인동꽃추출분말,(미지정),47000,중국,,일반식품,N,100kg 이상주문생산,
SRC21-1570,감초엑기스분말,(미지정),20000,우즈베키스탄,,일반식품,N,,
SRC21-1571,살균양배추분말,(미지정),20000,국산,,일반식품,N,,
SRC21-1572,L-라이신염산염,(미지정),8000,중국,,일반식품,N,,
SRC21-1573,오메가3 동물성,하이베이스,65000,독일,,일반식품,N,50%,
SRC21-1575,글루타치온,하람,380000,인도,,일반식품,N,,
SRC21-1576,밀크씨슬(유기농밀크씨슬분말),태성,22000,폴란드,,일반식품,N,,
SRC21-1577,홍경천추출물,하이베이스,330000,스페인,,일반식품,N,,
SRC21-1578,홍경천추출물,삼오제약,295000,이탈리아,,일반식품,N,,
SRC21-1579,히드록시 프로필 메틸 셀룰로오즈,태성,31000,독일,,일반식품,N,HPMC  02-778-2351(수입원) 3/6 당진재고 67kg,
SRC21-1580,아티초크 추출분말,하이베이스,40000,프랑스,,일반식품,N,3/7현재 재고 없음_재수입시 단가인상 가능성 있음,
SRC21-1581,흰점박이꽃무지(굼벵이)건조 분말,서호상사,250000,국산,,일반식품,N,열풍건조/소환용,
SRC21-1582,흰점박이꽃무지(굼벵이)건조 분말,서호상사,450000,국산,,일반식품,N,동결건조/분말용 (판매협의중),
SRC21-1583,모링가분말(일반분말),하이베이스,23000,,,일반식품,N,현재 사용중/당진공장,
SRC21-1584,레드비트분말(일반분말),하이베이스,23000,,,일반식품,N,현재 사용중/당진공장,
SRC21-1585,호박분말(일반분말),하이베이스,22000,국산,,일반식품,N,,
SRC21-1586,팥분말(일반분말),하이베이스,13000,국산,,일반식품,N,,
SRC21-1587,팥추출분말(HCS-6487),해찬솔,16500,국산,,일반식품,N,"팥추출액(고형분8%)70%, 덱스트린 29%, 아라비아검 1%",
SRC21-1588,가자추출물,하이베이스,980000,호주,,일반식품,N,,
SRC21-1589,락토페린,하이베이스,1200000,호주,,일반식품,N,,
SRC21-1590,헴철,하이베이스,135000,덴마크,,일반식품,N,"불용성, 철1%",
SRC21-1591,헴철,하이베이스,220000,덴마크,,일반식품,N,철2%,
SRC21-1592,호밀식이섬유,하이베이스,23000,미국,,일반식품,N,고형분 30%,
SRC21-1593,통밀식이섬유,하이베이스,6000,독일,,일반식품,N,식이섬유90%,
SRC21-1594,푸룬농축분말,하이베이스,6000,미국,,일반식품,N,식이섬유90%,
SRC21-1595,보리순분말(일반분말),바이오케어,19500,국산,,일반식품,N,부가세별도,
SRC21-1596,새싹보리분말,하이베이스,17000,국산,,일반식품,N,,
SRC21-1600,브로콜리추출분말,하이베이스,19000,국산,,일반식품,N,,
SRC21-1601,가스트로 에이디(Gastro -Ad),바른에프피,65000,덴마크,,일반식품,N,두류가공품,
SRC21-1602,크랜베리추출분말,하이베이스,30000,칠레,,일반식품,N,,
SRC21-1603,팔라티노스,하이베이스,7500,독일,,일반식품,N,,
SRC21-1604,팔라티노스,태성,7000,,,일반식품,N,,
SRC21-1605,팔라티노스,서호상사,7500,,,일반식품,N,분말타입,
SRC21-1606,팔라티노스,서호상사,8500,,,일반식품,N,결정타입,
SRC21-1607,유기농과일야채혼합분말,하이베이스,82000,미국,,일반식품,N,,
SRC21-1608,유기농베리혼합분말,하이베이스,165000,미국,,일반식품,N,,
SRC21-1609,21혼합유산균,하이베이스,28000,,,일반식품,N,,
SRC21-1610,돌외잎주정추출분말,티지바이오텍,370000,,100,일반식품,N,개별인정형(제2013-8호)                 연락처053-953-0833,
SRC21-1611,돌외잎주정추출분말,하이베이스,400000,중국,,일반식품,N,개별인정형,
SRC21-1612,돌외잎주정추출분말,하이베이스,15000,중국,,일반식품,N,일반식품,
SRC21-1613,핑거루트추출분말(판두라틴),뉴트리,320000,국산,,일반식품,N,개별인정형 제2013-5호(2013.04.15.)   연락처 02-565-3494  총판:에버스트링 : 031-698-3127,
SRC21-1614,핑거루트추출분말(판두라틴),하이베이스,30000,인도네시아,,일반식품,N,일반,
SRC21-1615,핑거루트추출분말(판두라틴),하이베이스,13000,중국,,일반식품,N,일반,
SRC21-1617,미강추출물,하이베이스,30000,미국,,일반식품,N,일반,
SRC21-1618,작약추출분말,올담식품,15000,국산,,일반식품,N,박대표님 업로드,
SRC21-1619,감초농축분말,올담식품,17500,국산,,일반식품,N,,
SRC21-1620,모과추출분말,올담식품,14000,국산,,일반식품,N,,
SRC21-1621,우슬추출분말,올담식품,22500,국산,,일반식품,N,,
SRC21-1622,두충추출분말,올담식품,14500,국산,,일반식품,N,,
SRC21-1623,메론추출물,시스팡,800000,프랑스,10,일반식품,N,"PME-88 메론추출물
○ 인정번호 : 제2008-9호(2008.02.14)",
SRC21-1624,락추로스분말,하이베이스,16500,덴마크,,일반식품,N,,
SRC21-1625,사과식이섬유,하이베이스,27000,미국,,일반식품,N,,
SRC21-1626,알로에전잎추출분말,(미지정),45000,인도네시아,,일반식품,N,,
SRC21-1627,락토바실러스 애시도필루스,바른에프피,130000,국산,10,일반식품,N,100억/CFU,
SRC21-1628,락토바실러스 카제이,바른에프피,380000,국산,5,일반식품,N,"1,000억/CFU",
SRC21-1629,비피도박테리움 브레브,바른에프피,390000,국산,5,일반식품,N,500억/CFU,
SRC21-1630,비피도박테리움 애니멀리스 락티스,바른에프피,340000,국산,5,일반식품,N,"1,000억/CFU",
SRC21-1631,(탄산)나노칼슘,하이베이스,13000,국산,,일반식품,N,칼슘24%함량,
SRC21-1632,글루콘산 아연,(미지정),29000,미국,,일반식품,N,재고 있음,
SRC21-1633,밀크칼슘,태성,20000,뉴질랜드,,일반식품,N,칼슘함량 28%,
SRC21-1634,밀크칼슘,태성,17000,독일,,일반식품,N,칼슘함량 27%,
SRC21-1635,침향분말,서호상사,85000,인도네시아,,일반식품,N,,
SRC21-1638,함초분말,바이오케어,20500,국산,,일반식품,N,환제용 일반분말,
SRC21-1639,사철쑥 분말,바이오케어,14400,국산,,일반식품,N,환제용 일반분말,
SRC21-1640,삽주뿌리 분말,바이오케어,14400,국산,,일반식품,N,환제용 일반분말,
SRC21-1641,유기농씨엔에스혼합분말 15종,금파무역,80000,미국,,일반식품,N,신규수입 단가 인상,
SRC21-1642,비피도 브레브균_-2,메디오젠,180000,국산,,일반식품,N,"100억cfg/g, 1kg 5kg",
SRC21-1643,락티스 유산균-L-2,메디오젠,160000,국산,,일반식품,N,"100억cfg/g, 1kg 5kg",
SRC21-1644,락티스유산균-2000,메디오젠,550000,국산,,일반식품,N,"2000억cfg/g, 1kg /5kg",
SRC21-1645,람노수스유산균-2000,메디오젠,490000,국산,,일반식품,N,"2000억cfg/g, 5kg이상",
SRC21-1646,람노수스유산균-2000,메디오젠,520000,국산,,일반식품,N,"2000억cfg/g, 5kg미만",
SRC21-1647,가세리유산균_100,메디오젠,170000,국산,,일반식품,N,"100억cfg/g, 5kg이상",
SRC21-1648,가세리유산균_100,메디오젠,200000,국산,,일반식품,N,"100억cfg/g, 5kg미만",
SRC21-1650,훼시움유산균-L-3,메디오젠,300000,국산,,일반식품,N,"1000억cfg/g, 1kg /5kg",
SRC21-1651,훼시움유산균-L-3-2,메디오젠,500000,국산,,일반식품,N,"2000억cfg/g, 1kg /5kg",
SRC21-1652,활성엽산,삼오제약,27000,,,일반식품,N,엽산으로써 55-59%                       회사재고 100g 있음,
SRC21-1653,지구목 분말,바이오케어,11700,국산,20,일반식품,N,부가세별도,
SRC21-1654,황칠나무 분말,바이오케어,27400,국산,20,일반식품,N,부가세별도,
SRC21-1655,칡꽃분말,바이오케어,17500,중국,20,일반식품,N,부가세별도,
SRC21-1656,플란타김치유산균-2000,메디오젠,490000,국산,,일반식품,N,,
SRC21-1657,비피도브레브균-500,메디오젠,350000,국산,,일반식품,N,,
SRC21-1658,은행잎추출분말 24%,(미지정),185000,미국,,일반식품,N,,
SRC21-1659,Lactobacillus acidophilus,메디오젠,290000,,,일반식품,N,cfg 500억,
SRC21-1660,Lactobacillusb casei,메디오젠,500000,,,일반식품,N,cfg 2000억,
SRC21-1664,포스파티딜세린70%,(미지정),590000,인도,,일반식품,N,박균배 대표,
SRC21-1665,락토페린 5kg,(미지정),1250000,뉴질랜드,5,일반식품,N,박균배 대표,
SRC21-1666,바나바잎추출물1%,(미지정),85000,인도,,일반식품,N,박균배 대표,
SRC21-1667,리포좀비타민C,(미지정),140000,폴란드,25,일반식품,N,박균배 대표,
SRC21-1668,홉추출물(맥아추출물),해찬솔,15000,,,일반식품,N,박균배 대표,
SRC21-1669,호로파종자추출분말,(미지정),110000,인도,,일반식품,N,박균배 대표,
SRC21-1670,회향추출물 60kg작업,해찬솔,600000,,,일반식품,N,박균배 대표,
SRC21-1671,이노시톨,(미지정),75000,독일,,일반식품,N,박균배 대표,
SRC21-1672,이노시톨,(미지정),39000,중국,,일반식품,N,박균배 대표,
SRC21-1673,후코이단 / Fucoidan,(미지정),600000,중국,,일반식품,N,나병길 약사,
SRC21-1674,과라나추출분말22%,(미지정),71000,브라질,,일반식품,N,박균배 대표,
SRC21-1675,비타민C,선일에프앤씨,4800,중국,,일반식품,N,김병만 부사장,
SRC21-1676,비타민C (직타용),선일에프앤씨,6800,중국,,일반식품,N,김병만 부사장,
SRC21-1678,산양유단백분말,태성,37000,네덜란드,,일반식품,N,박균배 대표,
SRC21-1681,블랙마카분말(젤라틴화),태성,17000,,,일반식품,N,최준호 과장,
SRC21-1682,모로블러드오렌지농축액,해찬솔,9700,이탈리아,,일반식품,N,,
SRC21-1683,난소화성 말토덱스트린,하이베이스,6400,,,일반식품,N,삼양사제품 /당진공장 재고240Kg,
SRC21-1684,N아세틸글루코사민(95%) 새우유래,하이베이스,115000,태국,,일반식품,N,,
SRC21-1685,N아세틸글루코사민(95%)홍게유래,하이베이스,125000,국산,,일반식품,N,,
SRC21-1686,가르시니아캄보지아추출물(수용성),하이베이스,32000,인도,,일반식품,N,60%,
SRC21-1687,산약분말,바이오케어,35500,국산,,일반식품,N,,
SRC21-1688,산약분말,바이오케어,21000,중국,,일반식품,N,,
SRC21-1690,연자육 분말,바이오케어,14400,베트남,,일반식품,N,,
SRC21-1691,사삼 분말,바이오케어,32800,국산,,일반식품,N,,
SRC21-1692,사삼 분말,바이오케어,28500,중국,,일반식품,N,,
SRC21-1694,마늘추출분말(고형분30%),하이베이스,24000,국산,,일반식품,N,,
SRC21-1695,복분자 농축액,해찬솔,25000,중국,,일반식품,N,,
SRC21-1696,복분자 농축액(20BRIX),해찬솔,65000,국산,,일반식품,N,복분자 100%,
SRC21-1697,복분자 농축액(65BRIX),해찬솔,40000,국산,,일반식품,N,"복분자추출액(고형분:5%), 저당",
SRC21-1698,치자농축분말,해찬솔,23000,중국,,일반식품,N,,
SRC21-1699,치자농축분말/ 치자농축액,하이베이스,25000,국산,,일반식품,N,(고형분15%)75%+덱스트린25%=100%,
SRC21-1700,인디안 구스베리추출분말,하이베이스,90000,인도,,일반식품,N,"(Amla fruit extract 50%),",
SRC21-1701,시금치분말,하이베이스,29000,국산,,일반식품,N,,
SRC21-1702,고구마(자색),하이베이스,19000,국산,,일반식품,N,,
SRC21-1703,키위과즙분말(고형분30%),하이베이스,27000,뉴질랜드,,일반식품,N,,
SRC21-1704,잠두콩,(미지정),27200,,,일반식품,N,파바빈분말,
SRC21-1712,분리대두단백(ISP),담원인터내셔널,7500,싱가폴,,일반식품,N,,
SRC21-1713,분리대두단백(ISP),담원인터내셔널,10400,미국,,일반식품,N,쏠레사,
SRC21-1714,천마농축분말(고형분10%),하이베이스,30000,,100,일반식품,N,,
SRC21-1715,천마분말(일반),바이오케어,86000,국산,20,일반식품,N,,
SRC21-1716,천마분말(일반),바이오케어,44000,중국,20,일반식품,N,,
SRC21-1717,글리세린지방산에스테르,태성,5000,말레이시아,25,일반식품,N,,
SRC21-1718,천궁추출물,하이베이스,33000,국산,20,일반식품,N,,
SRC21-1719,건강추출물,하이베이스,30000,중국,20,일반식품,N,,
SRC21-1720,생강추출물,하이베이스,28000,국산,20,일반식품,N,,
SRC21-1721,황기추출물,하이베이스,23000,국산,20,일반식품,N,,
SRC21-1722,천궁분말,바이오케어,23800,국산,,일반식품,N,,
SRC21-1723,천궁분말,바이오케어,17000,중국,,일반식품,N,,
SRC21-1724,건강분말,바이오케어,39000,국산,,일반식품,N,,
SRC21-1725,건강분말,바이오케어,15000,중국,,일반식품,N,,
SRC21-1726,황기분말,바이오케어,28000,국산,,일반식품,N,,
SRC21-1727,황기분말,바이오케어,16800,중국,,일반식품,N,,
SRC21-1728,소르비톨,태성,3800,,,일반식품,N,박균배 대표,
SRC21-1729,15곡 곡류효소분말,(미지정),60000,,,일반식품,N,실단가 / 아밀라아제 20만Unit 프로테아제 300 Unit,
SRC21-1730,365 과채발효호소분말,(미지정),60000,,,일반식품,N,아밀라아제 50만Unit 프로테아제 1000 Unit,
SRC21-1731,모로블러드오렌지추출분말,(미지정),16000,이탈리아,,일반식품,N,박균배 대표,
SRC21-1732,모로오렌지추출분말,(미지정),17000,이스라엘,,일반식품,N,박균배 대표,
SRC21-1733,글루코만난,하이베이스,24000,중국,,일반식품,N,,
SRC21-1734,탈지대두,하이베이스,2000,,,일반식품,N,원산지별 2000원대 전후,
SRC21-1735,탈지분유,하이베이스,10000,남양 한국,,일반식품,N,,
SRC21-1736,전지분유,하이베이스,13000,비락 한국,,일반식품,N,,
SRC21-1737,혼합탈지분유,하이베이스,7200,네덜란드,,일반식품,N,,
SRC21-1738,건조효모,에스제이디,16700,,100,일반식품,N,,
SRC21-1739,L-아스파라진,(미지정),26000,중국,,일반식품,N,박균배 대표,
SRC21-1740,침향,(미지정),42000,인도네시아,,일반식품,N,박균배 대표,
SRC21-1743,표고버섯균사체,태성,600000,,,일반식품,N,독점원료사 통해 원가낮춤,
SRC21-1744,작약복합추출물,(미지정),250000,,,일반식품,N,개별인정형,
SRC21-1745,구아검가수분해물,하이베이스,38000,인도,,일반식품,N,기타가공-건식은 불가,
SRC21-1746,구아검,하이베이스,5500,인도,,일반식품,N,식첨,
SRC21-1747,발레리안추출분말,하이베이스,140000,프랑스,25,일반식품,N,발레리안산 0.8%,
SRC21-1748,감태추출분말,해찬솔,20000,,,일반식품,N,당진공장 재고 19kg,
SRC21-1749,황금추출분말,하이베이스,30000,중국,,일반식품,N,,
SRC21-1750,하이드로커큐민,서호상사,26000,인도,,일반식품,N,함량 50%,
SRC21-1752,나노커큐민,상아아그리텍,220000,인도,,일반식품,N,부가세포함,
SRC21-1753,강황추출분말,올담식품,14500,인도네시아,,일반식품,N,041-910-5005,
SRC21-1754,계피추출분말,올담식품,15000,베트남,,일반식품,N,임정균 대표,
SRC21-1755,노루궁뎅이버섯분말,태성,72000,국산,,일반식품,N,박균배 대표,
SRC21-1756,MCT유지분,태성,14000,인도네시아,,일반식품,N,박균배 대표,
SRC21-1757,노루궁뎅이버섯추출분말,해찬솔,21000,,60,일반식품,N,박균배 대표,
SRC21-1758,페퍼민트추출분말,해찬솔,17000,,,일반식품,N,박균배 대표,
SRC21-1759,침향(원물),바이오케어,58000,,,일반식품,N,,
SRC21-1760,침향(분말),바이오케어,68000,,,일반식품,N,살균포함,
SRC21-1763,아누카사과추출분말,하이베이스,67000,폴란드,10,일반식품,N,,
SRC21-1765,유근피추출분말,(미지정),50000,,,일반식품,N,김혜성과장,
SRC21-1766,배농축액,해찬솔,8500,국산,,일반식품,N,,
SRC21-1767,배농축액,해찬솔,5200,중국,,일반식품,N,,
SRC21-1768,배농축액(66Brix이상),하이베이스,4400,국산,,일반식품,N,배합비:배(국산:69Brix)70%+물엿(저당)30%,
SRC21-1769,배농축액,새롬비앤에프,15000,,,일반식품,N,,
SRC21-1770,생강농축액,해찬솔,53000,국산,,일반식품,N,생강100%,
SRC21-1771,생강농축액,해찬솔,9500,국산,,일반식품,N,당타입,
SRC21-1772,생강농축액(60Brix이상),하이베이스,29000,국산,,일반식품,N,"생강90%+저당10%,",
SRC21-1773,생강농축액,새롬비앤에프,42000,,,일반식품,N,,
SRC21-1774,케일추출분말,하이베이스,18000,국산,,일반식품,N,(케일추출액/고형분:0.5%)65%+덱스트린),
SRC21-1775,사과농축분말(SR-20395),하이베이스,18000,국산,,일반식품,N,고형분40%,
SRC21-1776,매실향분말,해찬솔,24000,,,일반식품,N,,
SRC21-1777,매실향분말,새롬비앤에프,30000,,,일반식품,N,,
SRC21-1778,유자향분말,해찬솔,24500,,,일반식품,N,,
SRC21-1779,유자향분말,새롬비앤에프,25000,,,일반식품,N,,
SRC21-1780,곰보배추분말(일반),하이베이스,50000,국산,,일반식품,N,,
SRC21-1781,엘더베리(착즙)농축액(65Brix),하이베이스,36000,오스트리아,,일반식품,N,,
SRC21-1782,엘더베리추출분말(32:1),하이베이스,300000,독일,,일반식품,N,,
SRC21-1784,녹용추출액,해찬솔,27000,뉴질랜드,,일반식품,N,,
SRC21-1785,녹용추출분말,해찬솔,65000,뉴질랜드,,일반식품,N,,
SRC21-1786,숙지황추출분말,하이베이스,40000,국산,,일반식품,N,,
SRC21-1787,백하수오추출분말,하이베이스,60000,중국,,일반식품,N,,
SRC21-1788,적하수오추출분말,하이베이스,60000,중국,,일반식품,N,,
SRC21-1789,유기농 양배추분말,하이베이스,75000,국산,,일반식품,N,,
SRC21-1790,아삭이고추추출분말,해찬솔,14000,국산,,일반식품,N,,
SRC21-1791,토마토추출분말,해찬솔,15000,칠레,,일반식품,N,,
SRC21-1793,토마토추출오일(라이코펜6%),하이베이스,350000,,,일반식품,N,,
SRC21-1794,아로니아농축분말,하이베이스,17000,폴란드,,일반식품,N,,
SRC21-1795,나한과추출물분말,하이베이스,180000,중국,,일반식품,N,,
SRC21-1796,오렌지농축액,하이베이스,11000,미국,,일반식품,N,,
SRC21-1797,락토페린 농축물,담원인터내셔널,1300000,뉴질랜드,,일반식품,N,100%_ 0.1%저가형 취급안함,
SRC21-1798,블루베리농축액,해찬솔,12500,국산,,일반식품,N,67브릭스,
SRC21-1800,포스파타딜세린,태성,660000,미국,,일반식품,N,순도70%/건기기준 430mg(포스파타딜세린으로서 300mg),
SRC21-1801,아로니아농축분말,해찬솔,15500,폴란드,,일반식품,N,,
SRC21-1802,미역귀후코이단,(미지정),600000,,,일반식품,N,,
SRC21-1803,다시마후코이단,(미지정),500000,,,일반식품,N,,
SRC21-1805,홍삼추출분말,해찬솔,15000,,,일반식품,N,박균배 대표,
SRC21-1806,포도씨추출물,(미지정),44000,중국,,일반식품,N,박균배 대표,
SRC21-1807,글루타치온50%,(미지정),380000,캐나다,,일반식품,N,박균배 대표,
SRC21-1808,글루타치온50%,(미지정),250000,인도,,일반식품,N,박균배 대표,
SRC21-1809,비건유산균 4000억,(미지정),1200000,,,일반식품,N,박균배 대표,
SRC21-1810,유기농양배추분말,(미지정),52000,국산,,일반식품,N,박균배 대표,
SRC21-1811,올리브잎추출분말,(미지정),35000,인도,,일반식품,N,박균배 대표,
SRC21-1812,디엘-알라닌,(미지정),7500,중국,,일반식품,N,박균배 대표,
SRC21-1813,살균양배추분말,(미지정),19000,국산,,일반식품,N,박균배 대표,
SRC21-1814,살균마분말,(미지정),25000,국산,,일반식품,N,박균배 대표,
SRC21-1815,천마분말(일반),(미지정),58000,중국,,일반식품,N,박균배 대표,
SRC21-1816,오디농축분말,(미지정),32000,국산,,일반식품,N,박균배 대표,
SRC21-1817,키토산분말,(미지정),58000,태국,,일반식품,N,박균배 대표,
SRC21-1818,리포좀글루타치온비타민C복합체,(미지정),580000,미국,,일반식품,N,리포좀글루타치온50%+리포좀비차민C33%,
SRC21-1824,레몬밤추출물(일식원료),(미지정),14000,중국,,일반식품,N,박균배 대표,
SRC21-1825,자일리톨,태성,7500,프랑스,,일반식품,N,박균배 대표,
SRC21-1826,민들레추출분말,올담식품,16500,국산,,일반식품,N,박균배 대표,
SRC21-1827,우엉농축분말,올담식품,21500,국산,,일반식품,N,박균배 대표,
SRC21-1828,흑후추분말,(미지정),11000,베트남,,일반식품,N,박균배 대표,
SRC21-1829,"소연골추출분말(콘드로이친황산25%),",하이베이스,135000,인도,,일반식품,N,제조:Bacto chem Laboratories,
SRC21-1830,L-로이신,선일에프앤씨,17000,중국,,일반식품,N,,
SRC21-1831,포스파티딜세린 70%,오앤컴퍼니,630000,미국,,일반식품,N,,
SRC21-1832,글루타치온 50%(영국산),원아,265000,영국,25,일반식품,N,50%,부가세별도
SRC21-1833,글루타치온 50%(미국),원아,230000,미국,25,일반식품,N,,부가세별도
SRC21-1834,리포좀비타민C70%,(미지정),147000,미국,,일반식품,N,,
SRC21-1835,과라나추출분말22%,(미지정),48000,,,일반식품,N,,
SRC21-1836,크레아틴(중국산),원아,12000,중국,25,일반식품,N,,부가세별도
SRC21-1837,BCAA,원아,14000,중국,25,일반식품,N,,부가세별도
SRC21-1838,블랙커런트추출분말,해찬솔,24000,,,일반식품,N,박균배대표,
SRC21-1839,VL8질유래유산균특허원료 2000억/g,(미지정),870000,,,일반식품,N,박균배대표,
SRC21-1840,스테아린산 마그네슘,(미지정),6100,,,일반식품,N,김병만 부사장,
SRC21-1841,결정셀룰로오스102,(미지정),10000,,,일반식품,N,김병만 부사장,
SRC21-1842,HPMC,(미지정),18000,,,일반식품,N,김병만 부사장,
SRC21-1843,L-트립토판,(미지정),30000,중국,,일반식품,N,,
SRC21-1844,레드마카추출분말,태성,80000,페루,,일반식품,N,,
SRC21-1845,레드마카,서호상사,75000,,,일반식품,N,,
SRC21-1846,로얄제리,하이베이스,205000,호주,,일반식품,N,면세/ 10 HDAg함량6%이상,
SRC21-1847,글루코만난,태성,23000,중국,,일반식품,N,,
SRC21-1848,로이신(루신),(미지정),28000,중국,,일반식품,N,박균배대표,
SRC21-1849,이소로이신,(미지정),38000,중국,,일반식품,N,박균배대표,
SRC21-1854,이노시톨,(미지정),35000,독일,,일반식품,N,박균배대표,
SRC21-1855,코코넛크림파우더,씨에스에프,9200,말레이시아,,일반식품,N,부가세별도,
SRC21-1856,코코넛크림,씨에스에프,4500,인도네시아,,일반식품,N,부가세별도,
SRC21-1857,후레쉬칼라만시과즙액,씨에스에프,4500,베트남,,일반식품,N,부가세별도,
SRC21-1858,칼라만시착즙액,씨에스에프,3600,베트남,,일반식품,N,부가세별도,
SRC21-1859,포도머스트농축액,씨에스에프,6200,이탈리아,,일반식품,N,부가세별도,
SRC21-1860,코코아분말 GR76,씨에스에프,6300,인도네시아,,일반식품,N,부가세별도,
SRC21-1861,잔탄검,씨에스에프,9500,중국,,일반식품,N,200mesh /부가세별도,
SRC21-1862,무수구연산,씨에스에프,1450,중국,,일반식품,N,부가세별도,
SRC21-1863,글리신,씨에스에프,4000,중국,,일반식품,N,부가세별도,
SRC21-1864,이산화규소,씨에스에프,3500,태국,,일반식품,N,부가세별도,
SRC21-1865,에리스리톨,씨에스에프,2600,중국,,일반식품,N,부가세별도,
SRC21-1866,수크랄로스,씨에스에프,60000,중국,,일반식품,N,부가세별도,
SRC21-1867,말토덱스트린 (DE15~20),씨에스에프,1180,중국,,일반식품,N,부가세별도,
SRC21-1868,이노시톨,씨에스에프,38500,중국,,일반식품,N,부가세별도,
SRC21-1869,BCAA,씨에스에프,16000,중국,,일반식품,N,부가세별도,
SRC21-1870,L-로이신,씨에스에프,21000,중국,,일반식품,N,부가세별도,
SRC21-1871,L-아르지닌,씨에스에프,19500,국산,,일반식품,N,대상/ 부가세별도,
SRC21-1872,L-카르니틴,씨에스에프,36000,중국,,일반식품,N,부가세별도,
SRC21-1873,양배추분말,(미지정),18000,국산,,일반식품,N,"살균시 22,000원/kg",
SRC21-1875,"양배추추출분말 한국 20kg 16,000원/kg",(미지정),16000,국산,,일반식품,N,"양배추추출액=정제수,양배추33.33%: 65%+덱스트린",
SRC21-1876,헛개나무열매분말,(미지정),32500,국산,,일반식품,N,,
SRC21-1877,헛개나무열매농축분말,(미지정),15000,중국,,일반식품,N,고형분 20%,
SRC21-1878,헛개나무열매농축분말,(미지정),57000,국산,,일반식품,N,고형분 20%,
SRC21-1879,울금추출분말,(미지정),29000,인도네시아,,일반식품,N,고형분30%,
SRC21-1880,강황추출분말,(미지정),195000,인도,,일반식품,N,커큐민95%,
SRC21-1881,강황추출분말,(미지정),24000,인도,,일반식품,N,커큐민 5%,
SRC21-1882,인진쑥추출분말,(미지정),32000,국산,,일반식품,N,고형분 40%,
SRC21-1883,서양산자자추출물분말,(미지정),70000,이탈리아,,일반식품,N,,
SRC21-1885,인디안구스베리추출물분말,(미지정),90000,인도,,일반식품,N,50%,
SRC21-1886,인디안구스베리추출분말,(미지정),80000,인도,,일반식품,N,,
SRC21-1887,오르니틴염산염,(미지정),145000,국산,,일반식품,N,,
SRC21-1889,대추야자농축분말,(미지정),25000,이란,,일반식품,N,,
SRC21-1890,글루콘산마그네슘,(미지정),25000,미국,,일반식품,N,5%,
SRC21-1891,젖산마그네슘,(미지정),45000,프랑스,,일반식품,N,10%,
SRC21-1892,적포도농축액,해찬솔,6400,,,일반식품,N,,
SRC21-1893,스피루리나,주영,42000,미국,20,건기식,Y,건식원료,부가세별도 / 기록원문: 톡방 최준호차장님
SRC21-1894,글리세린지방산에스테르 점성액상,하이베이스,10000,국산,,일반식품,N,,
SRC21-1895,글리세린지방산에스테르 액상,하이베이스,9000,국산,,일반식품,N,,
SRC21-1896,글리세린지방산에스테르 정제코팅용분말,하이베이스,8000,국산,,일반식품,N,,
SRC21-1897,비타민B1,하이베이스,55000,중국,,일반식품,N,"1kg 포장 55,000원/kg  5kg 포장 55,000원/kg",
SRC21-1898,비타민B2,하이베이스,95000,중국,,일반식품,N,,
SRC21-1899,비타민B3,하이베이스,18000,중국,,일반식품,N,,
SRC21-1900,비타민B3,하이베이스,17000,인도,,일반식품,N,,
SRC21-1901,비타민B5,하이베이스,50000,중국,,일반식품,N,,
SRC21-1902,비타민B6,하이베이스,47000,중국,,일반식품,N,,
SRC21-1903,비타민B12,하이베이스,5500,중국,,일반식품,N,"100g 포장 5,500원/g",
SRC21-1904,비타민B9,하이베이스,230000,미국,,일반식품,N,,
SRC21-1905,비타민D3,하이베이스,60000,중국,,일반식품,N,,
SRC21-1906,비타민D3,하이베이스,71500,중국,,일반식품,N,,
SRC21-1907,비타민C,하이베이스,7000,중국,,일반식품,N,,
SRC21-1908,비타민E,하이베이스,24000,중국,,일반식품,N,50%,
SRC21-1909,콘드로이친(황산20%),(미지정),83000,미국,20,일반식품,N,20%,1 / 1 / 1
SRC21-1910,산양유단백분말(네덜란드),(미지정),35000,네덜란드,15,일반식품,N,,1 / 1
SRC21-1911,유채씨유추출분말,ambe,57000,인도,100,일반식품,N,,1 / 1 / 1
SRC21-1912,유채씨유추출분말,SvAgro,16000,인도,25,일반식품,N,오일타입,1 / 1 / 1
SRC21-1913,리포조말철,보타닉,120000,인도,25,건기식,Y,75~105mg/gm,1 / 1 / 1
SRC21-1914,리포조말비타민C,보타닉,110000,인도,25,건기식,Y,27~33%,1 / 1 / 1
SRC21-1915,글루타치온98%,ambe,250000,인도,25,일반식품,N,98%,1 / 1 / 1
SRC21-1916,오메가3(저가형),솔루텍스,80000,노르웨이,190,건기식,Y,60%,1 / 1 / 1
SRC21-1917,송침유,태성,12000,중국,50,일반식품,N,정보없음,1 / 1 / 1
SRC21-1918,옥타코사놀추출분말(60%),(미지정),600000,미국,5,건기식,Y,60%,7~40mg / 1 / 1
SRC21-1919,옥타코사놀추출분말,(미지정),110000,인도,5,건기식,Y,12%,1 / 1 / 1
SRC21-1920,퀘르세틴(100%),ambe,133000,인도,25,일반식품,N,100%,1 / 1
SRC21-1921,포스파티딜세린(70%),ambe,379050,인도,25,건기식,Y,70%,1 / 1
SRC21-1922,테아닌(L)98%,ambe,67165,인도,25,건기식,Y,98%,1 / 1
SRC21-1923,과라나추출분말(25%),SvAgro,37240,인도,100,일반식품,N,카페인25%,1 / 1
SRC21-1924,녹차카테킨(70%),SvAgro,39900,인도,20,건기식,Y,70~75%,1 / 1
SRC21-1925,소연골추출분말(프로테오글리칸2%),(미지정),110000,인도,,일반식품,N,프로테오글리칸2%,1 / 1 / 포장원문: 모름
SRC21-1926,소연골추출분말(프로테오글리칸10%),(미지정),130000,인도,,건기식,Y,10%,프로테오글리칸10% / 콘드로이친?% / 포장원문: 모름
SRC21-1927,실크단백질가수분해물,월드웨이,160000,모름,5,건기식,Y,5종특허,"7.5g/일 / 영,유아,임산부,수유부주의 / 알러지,간,신장이상자주의"
SRC21-1928,아르지닌,(미지정),17000,인도,20,일반식품,N,100,환율1360
SRC21-1929,브로멜라인,(미지정),70000,필리핀,25,일반식품,N,모름,
SRC21-1930,컴파운드케이농축액(5mg/g),뉴트라파낙스,157000,국산,100,일반식품,N,5mg/g,5mg/g / 발효홍삼농축액100%
SRC21-1931,컴파운드케이농축액,뉴트라파낙스,215000,국산,100,일반식품,N,7.5mg/g,7.5mg/g / 발효홍삼농축액100%
SRC21-1932,컴파운드케이농축액,뉴트라파낙스,282000,국산,100,일반식품,N,10mg/g,10mg/g / 발효홍삼농축액
SRC21-1933,컴파운드케이분말,뉴트라파낙스,183000,국산,50,일반식품,N,5mg/g,5mg
SRC21-1934,컴파운드케이분말,뉴트라파낙스,326000,국산,50,일반식품,N,10mg/g,10mg/g
SRC21-1935,컴파운드케이분말,뉴트라파낙스,1980000,국산,50,일반식품,N,50mg/g,50mg/g
SRC21-1936,컴파운드케이분말,뉴트라파낙스,4050000,국산,10,일반식품,N,100mg/g,100mg
SRC21-1937,컴파운드케이분말,뉴트라파낙스,11700000,국산,3,일반식품,N,300mg/g,300mg
SRC21-1938,홍화유,(미지정),11000,독일,50,일반식품,N,100,
SRC21-1939,nmn,(미지정),380000,중국,1,일반식품,N,99,
SRC21-1940,nmn,SvAgro,340000,인도,,일반식품,N,98%,포장원문: 모름
SRC21-1941,아스코브산칼슘(중국산),(미지정),10000,중국,20,건기식,Y,,1 / 1 / 1
SRC21-1942,아스코브산나트륨(중국)(중성),arisun,10000,중국,20,건기식,Y,,
SRC21-1943,19곡발효효소분말,선일에프앤씨,50000,국산,100,일반식품,N,19곡,1 / 1 / 1
SRC21-1944,피니톨,(미지정),450000,,10,건기식,Y,,300mg/day / 간건강에 도움줄 수 있음 / 300mg/day
SRC21-1945,글루타치온98%,SvAgro,250000,인도,25,일반식품,N,98%,18만(원) / 18만(원)
SRC21-1946,아르기닌(중국산),디에스메디팜,9500,중국,,일반식품,N,,
SRC21-1947,사과산,(미지정),5800,,,일반식품,N,,
SRC21-1949,초임계RTG오일60%,세일인터내셔널,60000,캐나다,190,건기식,Y,60%,
SRC21-1950,msm,(미지정),10000,인도,,일반식품,N,,
SRC21-1951,그린프로폴리스,(미지정),300000,,,일반식품,N,,
SRC21-1952,비타민C,(미지정),35000,,,일반식품,N,,
SRC21-1953,카나우바왁스,(미지정),35000,,,일반식품,N,,
SRC21-1954,엘라스틴,(미지정),270000,미국,,일반식품,N,,
SRC21-1955,크렌베리단백분말,(미지정),32000,,,일반식품,N,,
SRC21-1956,호박씨단백분말,(미지정),32000,,,일반식품,N,,
SRC21-1957,알룰로오스,(미지정),7800,,,일반식품,N,,
SRC21-1958,비타민C크리스탈타입,태성,345000,DSM,,건기식,Y,99%,
SRC21-1959,비타민C파우더타입,태성,355000,,,건기식,Y,99%,
SRC21-1961,사케이(L.sakei Probik65) 유산균,(미지정),1150000,,1,건기식,Y,3400억/cfg,반려동물가능(특허)
SRC21-1962,인도호로파씨추출분말,사빈사코리아,95000,,,일반식품,N,,개별인정형 / 개별인정형
SRC21-1963,구강유산균(Welssella cibaroa CMS1,(미지정),1300000,,1,일반식품,N,1000억이상,
SRC21-1964,구강유산균(Wellssella CMU),(미지정),1150000,,1,일반식품,N,1000억이상,
SRC21-1965,구강유산균(L.paracasei GMNL-33),dental-lac,700000,,1,일반식품,N,1000억,구강건강유산균배양물 / 구강건강유산균배양물
SRC21-1967,질건강혼합유산균(VL8),(미지정),870000,,1,일반식품,N,2000억cfg,질건강 / 질건강
SRC21-1968,리포조말철,보타닉,75000,인도,25,일반식품,N,,
SRC21-1969,자몽종자유추출물,(미지정),115000,,,일반식품,N,,
SRC21-1970,시클로덱스트린시럽,올담식품,8000,,20,일반식품,N,,
SRC21-1971,사과향,(미지정),45000,,,일반식품,N,,
SRC21-1972,피쉬콜라겐펩타이드,주영,55000,,25,일반식품,N,개별인정형,"3,300mg/day / 3,300mg/day"
SRC21-1973,신바이오(운동에의한 산화 스트레스감소,(미지정),1100000,,1,일반식품,N,,람로서스IMC501 / paracasei IMC502 / 람로서스IMC501
SRC21-1974,리포조말철,보타닉,74800,인도,,일반식품,N,75~105mg,55불 / 55불
SRC21-1975,L-트립토판,arisun,20400,중국,,일반식품,N,,15불
SRC21-1976,L-로이신,arisun,16048,중국,,일반식품,N,99%,11.8불 / 11.8불
SRC21-1977,유채씨앗오일추출분말,ambe,57800,인도,,일반식품,N,,42.5불 / 42.5불
SRC21-1978,아누카사과분말,SvAgro,18900,인도,,일반식품,N,,14불
SRC21-1980,유기농과일야채혼합분말,(미지정),121000,,25,일반식품,N,,부가세포함 / 부가세포함
SRC21-1981,SD커피분말,(미지정),16500,,24,일반식품,N,,
SRC21-1982,살균녹차분말,태성,23000,,20,일반식품,N,,
SRC21-1983,녹차추출분말,올담식품,16000,,20,일반식품,N,,부가세별도 / AD-3007 / 부가세별도
SRC21-1984,코코아맛분말,올담식품,9500,,20,일반식품,N,,부가세별도 / 부가세별도
SRC21-1986,커피향분말,올담식품,32000,,10,일반식품,N,AD-6053,부가세별도 / 부가세별도
SRC21-1987,초코향분말01,올담식품,30500,국산,10,일반식품,N,,부가세별도 / 부가세별도
SRC21-1988,딸기향분말,올담식품,19000,국산,10,일반식품,N,AD-6001,부가세별도 / 부가세별도
SRC21-1989,딸기농축분말,올담식품,18000,국산,20,일반식품,N,AD-3012,부가세별도 / 부가세별도
SRC21-1990,요구르트맛분말-1,올담식품,10000,국산,20,일반식품,N,AD-8046,부가세별도
SRC21-1991,요구르트향분말,올담식품,20000,국산,10,일반식품,N,AD-6013,부가세별도 / 1
SRC21-1992,홍경천,(미지정),330000,독일,,일반식품,N,,
SRC21-1993,비타씨 악타진그린키위동결건조분말,(미지정),140000,,10,일반식품,N,,
SRC21-1994,테아닌,성원에프엔비,65000,미국,,일반식품,N,,부가세별도 / 부가세별도
SRC21-1995,발효칼슘(32%이상),원아,8000,국산,10,일반식품,N,32%이상,부가세별도 / 부가세별도
SRC21-1996,비타민C,원아,4300,중국,25,일반식품,N,,부가세별도 / 부가세별도
SRC21-1997,미베아발효추출물,(미지정),195000,,,일반식품,N,6%가바,부가세별도 / 221012입고
SRC21-1998,현미배아발효추출물,바이오벤,190000,국산,,일반식품,N,가바6%,부가세별도 / 전남 나주 / 전남 나주
SRC21-1999,차전자피(직수입),ambe,13000,인도,,일반식품,N,80%,직수입 / 일자원문: 220231031
SRC21-2000,베르가못추출분말,엔바이오텍,120000,,25,일반식품,N,,
SRC21-2002,이노시톨,arisun,22140,중국,100,일반식품,N,,16.4불 / 16.4불
SRC21-2003,이노시톨,SvAgro,32400,인도,100,일반식품,N,,24불 / 24불
SRC21-2005,스포츠유산균,네츄렬랩,1200000,,,건기식,Y,2000억cfg,"신바이오 200Bn(라벨명) / 바실러스,람노서스,파라카제이"
SRC21-2006,tft343,(미지정),250000,국산,,일반식품,N,,240mg / 240mg / 구분원문: 특허원료
SRC21-2007,리보오스,태성,100000,중국,,일반식품,N,,
SRC21-2008,베르가못추출분말,해찬솔,18000,,,일반식품,N,,폴리페놀 / 다이어트부원료 / 폴리페놀
SRC21-2009,메치오닌,(미지정),20000,중국,,일반식품,N,,
SRC21-2010,알긴산,현대바이오랜드,32500,중국,25,일반식품,N,100%,