신규공급사,신규품목,신규단가,신규원산지,출처,기존원료,기존공급사,기존단가,기존원산지,괴리율
제일,비오틴,580000,중국,제일 Product List/Price(2401),비오틴/g,공급사 미상(source21),2000,중국,28900.0%
제일,비오틴,580000,중국,제일 Product List/Price(2401),비오틴/g,공급사 미상(source21),13000,프랑스,4361.5%
제일,비오틴,580000,중국,제일 Product List/Price(2401),비오틴,서호상사,13000,프랑스,4361.5%
제일,(유기농) 프로폴리스,650000,불가리아,제일 Product List/Price(2401),프로폴리스,공급사 미상(source21),90000,호주,622.2%
제일,(유기농) 보라지유,110000,독일,제일 Product List/Price(2401),보라지유,공급사 미상(source21),47000,네덜란드,134.0%
제일,(유기농) 달맞이꽃종자유,105000,독일,제일 Product List/Price(2401),달맞이꽃 종자유,하이베이스,50000,뉴질랜드,110.0%
씨에스에프,비타민C,4600,중국,씨에스에프 견적서(2023-11-02),비타민C(리포조말),공급사 미상(source21),170000,미국,-97.3%
씨에스에프,비타민C,4600,중국,씨에스에프 견적서(2023-11-02),비타민C(리포조말),공급사 미상(source21),150000,,-96.9%
씨에스에프,비타민C,4600,중국,씨에스에프 견적서(2023-11-02),비타민C(중성),공급사 미상(source21),70000,미국,-93.4%
씨에스에프,L-로이신,31000,중국,씨에스에프 견적서(2023-11-02),L-로이신,arisun,16048,중국,93.2%
씨에스에프,비타민C,4600,중국,씨에스에프 견적서(2023-11-02),비타민C,공급사 미상(source21),35000,,-86.9%
씨에스에프,L-이소로이신,39000,중국,씨에스에프 견적서(2023-11-02),L-이소로이신,공급사 미상(source21),21000,중국,85.7%
씨에스에프,L-로이신,31000,중국,씨에스에프 견적서(2023-11-02),L-로이신,선일에프앤씨,17000,중국,82.4%
제일,글루콘산아연,20000,인도,제일 Product List/Price(2401),글루콘산아연,태성,11000,중국,81.8%
씨에스에프,프락토올리고당/액상,1750,,씨에스에프 견적서(2023-11-02),프락토올리고당,공급사 미상(source21),8000,중국,-78.1%
씨에스에프,상어연골분말,33000,중국,씨에스에프 견적서(2023-11-02),상어연골분말,공급사 미상(source21),95000,미국,-65.3%
씨에스에프,상어연골분말,33000,중국,씨에스에프 견적서(2023-11-02),상어연골분말,하이베이스,95000,미국,-65.3%
제일,(유기농) 프로폴리스,650000,불가리아,제일 Product List/Price(2401),프로폴리스,공급사 미상(source21),420000,브라질,54.8%
씨에스에프,L-로이신,31000,중국,씨에스에프 견적서(2023-11-02),L-로이신,씨에스에프,21000,중국,47.6%
제일,바나바잎추출물 1%,45000,인도,제일 Product List/Price(2401),바나바잎추출물1%,공급사 미상(source21),85000,인도,-47.1%
제일,바나바잎추출물 20%,45000,인도,제일 Product List/Price(2401),바나바잎추출물1%,공급사 미상(source21),85000,인도,-47.1%
제일,중성비타민C,40000,미국,제일 Product List/Price(2401),중성비타민C,하이베이스,70000,미국,-42.9%
제일,어골칼슘,22000,인도,제일 Product List/Price(2401),어골칼슘,공급사 미상(source21),38000,프랑스,-42.1%
씨에스에프,콘드로이친(상어연골추출분말)/황산20%,49000,중국,씨에스에프 견적서(2023-11-02),콘드로이친(황산20%),공급사 미상(source21),83000,미국,-41.0%
제일,어골칼슘,22000,인도,제일 Product List/Price(2401),어골칼슘,하이베이스,36000,미국,-38.9%
씨에스에프,비타민C,4600,중국,씨에스에프 견적서(2023-11-02),비타민C,공급사 미상(source21),7500,중국,-38.7%
씨에스에프,비타민C,4600,중국,씨에스에프 견적서(2023-11-02),비타민C ( Luwei ),태성,7500,중국,-38.7%
씨에스에프,비타민C,4600,중국,씨에스에프 견적서(2023-11-02),비타민C,하이베이스,7000,중국,-34.3%
씨에스에프,상어연골분말,33000,중국,씨에스에프 견적서(2023-11-02),상어연골분말,하이베이스,50000,호주,-34.0%
씨에스에프,비타민C,4600,중국,씨에스에프 견적서(2023-11-02),비타민C (직타용),선일에프앤씨,6800,중국,-32.4%
씨에스에프,상어연골분말,33000,중국,씨에스에프 견적서(2023-11-02),상어연골분말,공급사 미상(source21),48000,,-31.3%
제일,글루콘산아연,20000,인도,제일 Product List/Price(2401),글루콘산 아연,공급사 미상(source21),29000,미국,-31.0%
씨에스에프,상어연골분말,33000,중국,씨에스에프 견적서(2023-11-02),상어연골분말,엘본에이치앤비,47000,,-29.8%
씨에스에프,비타민C,4600,중국,씨에스에프 견적서(2023-11-02),비타민C,서호상사,6500,중국,-29.2%
제일,글루콘산아연,20000,인도,제일 Product List/Price(2401),글루콘산아연,태성,27000,미국,-25.9%
씨에스에프,L-이소로이신,39000,중국,씨에스에프 견적서(2023-11-02),L-이소로이신,태성,31000,중국,25.8%
씨에스에프,프락토올리고당/분말,6000,,씨에스에프 견적서(2023-11-02),프락토올리고당,공급사 미상(source21),8000,중국,-25.0%
제일,바나바잎추출물 1%,45000,인도,제일 Product List/Price(2401),바나바잎추출물,공급사 미상(source21),60000,인도,-25.0%
제일,바나바잎추출물 20%,45000,인도,제일 Product List/Price(2401),바나바잎추출물,공급사 미상(source21),60000,인도,-25.0%
제일,키토산,36000,인도,제일 Product List/Price(2401),키토산,공급사 미상(source21),45000,중국,-20.0%
제일,글루콘산마그네슘,20000,인도,제일 Product List/Price(2401),글루콘산마그네슘,공급사 미상(source21),25000,미국,-20.0%
제일,은행잎추출물,160000,미국,제일 Product List/Price(2401),은행잎추출물,공급사 미상(source21),180000,미국,-11.1%
제일,그린프로폴리스,330000,브라질,제일 Product List/Price(2401),그린프로폴리스,공급사 미상(source21),300000,,10.0%
제일,옥타코사놀 60%,650000,인도,제일 Product List/Price(2401),옥타코사놀,공급사 미상(source21),720000,독일,-9.7%
씨에스에프,비타민C,4600,중국,씨에스에프 견적서(2023-11-02),비타민C,원아,4300,중국,7.0%
씨에스에프,비타민C,4600,중국,씨에스에프 견적서(2023-11-02),비타민C,선일에프앤씨,4800,중국,-4.2%
씨에스에프,L-페닐알라닌,24000,중국,씨에스에프 견적서(2023-11-02),L-페닐알라닌,공급사 미상(source21),25000,중국,-4.0%
씨에스에프,L-로이신,31000,중국,씨에스에프 견적서(2023-11-02),L-로이신,공급사 미상(source21),30000,중국,3.3%
씨에스에프,L-카르니틴,35000,중국,씨에스에프 견적서(2023-11-02),L-카르니틴,씨에스에프,36000,중국,-2.8%